4962,200000000,base_link,1,2,3,4,5,6,-0.07679999999991195,-1.6099999999988854,1.5700000001260255,0.9620000001724575,2.3577525142118123e-12,-1.430019551481295e-10,nan,nan,nan,nan,nan,nan,nan,nan,nan,nan,nan,nan
4962,300000000,base_link,1,2,3,4,5,6,-0.07679999999991195,-1.6099999999988854,1.5700000001260255,0.9620000001724575,2.357752515296011e-12,-1.4300195514812935e-10,nan,nan,nan,nan,nan,nan,nan,nan,nan,nan,nan,nan
4962,400000000,base_link,1,2,3,4,5,6,-0.07679999999991195,-1.6099999999988854,1.5700000001260255,0.9620000001724575,2.35775251659705e-12,-1.430019552209876e-10,nan,nan,nan,nan,nan,nan,nan,nan,nan,nan,nan,nan
4962,499000000,base_link,1,2,3,4,5,6,-0.07679999999991195,-1.6099999999988854,1.5700000001260255,0.9620000001724575,2.357752514211802e-12,-1.430019552348652e-10,nan,nan,nan,nan,nan,nan,nan,nan,nan,nan,nan,nan
4962,600000000,base_link,1,2,3,4,5,6,-0.07679999999991195,-1.6099999999988854,1.5700000001260255,0.9620000001724575,2.357752515296001e-12,-1.4300195523486506e-10,nan,nan,nan,nan,nan,nan,nan,nan,nan,nan,nan,nan
4962,700000000,base_link,1,2,3,4,5,6,-0.07679999999991195,-1.6099999999988854,1.5700000001260255,0.9620000001724575,2.35775251659704e-12,-1.430019553077233e-10,nan,nan,nan,nan,nan,nan,nan,nan,nan,nan,nan,nan
4962,800000000,base_link,1,2,3,4,5,6,-0.07679999999991195,-1.6099999999988854,1.5700000001260255,0.9620000001724575,2.357752514211792e-12,-1.4300195532160092e-10,nan,nan,nan,nan,nan,nan,nan,nan,nan,nan,nan,nan
4962,900000000,base_link,1,2,3,4,5,6,-0.07679999999991195,-1.6099999999988854,1.5700000001260255,0.9620000001724575,2.3577525152959908e-12,-1.4300195532160076e-10,nan,nan,nan,nan,nan,nan,nan,nan,nan,nan,nan,nan
4963,0,base_link,1,2,3,4,5,6,-0.07679999999991195,-1.6099999999988854,1.5700000001260255,0.9620000001724575,2.35775251659703e-12,-1.43001955394459e-10,nan,nan,nan,nan,nan,nan,nan,nan,nan,nan,nan,nan
4963,100000000,base_link,1,2,3,4,5,6,-0.07679999999991195,-1.6099999999988854,1.5700000001260255,0.9620000001724575,2.357752514211782e-12,-1.4300195540833662e-10,nan,nan,nan,nan,nan,nan,nan,nan,nan,nan,nan,nan
4963,200000000,base_link,1,2,3,4,5,6,-0.07679999999991195,-1.6099999999988854,1.5700000001260255,0.9620000001724575,2.3577525152959807e-12,-1.4300195540833646e-10,nan,nan,nan,nan,nan,nan,nan,nan,nan,nan,nan,nan
4963,300000000,base_link,1,2,3,4,5,6,-0.07679999999991195,-1.6099999999988854,1.5700000001260255,0.9620000001724575,2.35775251659702e-12,-1.430019554811947e-10,nan,nan,nan,nan,nan,nan,nan,nan,nan,nan,nan,nan
4963,400000000,base_link,1,2,3,4,5,6,-0.07679999999991195,-1.6099999999988854,1.5700000001260255,0.9620000001724575,2.357752514211772e-12,-1.4300195549507232e-10,nan,nan,nan,nan,nan,nan,nan,nan,nan,nan,nan,nan
4963,500000000,base_link,1,2,3,4,5,6,-0.07679999999991195,-1.6099999999988854,1.5700000001260255,0.9620000001724575,2.3577525152959706e-12,-1.4300195549507217e-10,nan,nan,nan,nan,nan,nan,nan,nan,nan,nan,nan,nan
4963,600000000,base_link,1,2,3,4,5,6,-0.07679999999991195,-1.6099999999988854,1.5700000001260255,0.9620000001724575,2.3577525165970098e-12,-1.4300195556793042e-10,nan,nan,nan,nan,nan,nan,nan,nan,nan,nan,nan,nan
4963,700000000,base_link,1,2,3,4,5,6,-0.07679999999991195,-1.6099999999988854,1.5700000001260255,0.9620000001724575,2.3577525142117618e-12,-1.4300195558180803e-10,nan,nan,nan,nan,nan,nan,nan,nan,nan,nan,nan,nan
4963,800000000,base_link,1,2,3,4,5,6,-0.07679999999991195,-1.6099999999988854,1.5700000001260255,0.9620000001724575,2.3577525152959605e-12,-1.4300195558180787e-10,nan,nan,nan,nan,nan,nan,nan,nan,nan,nan,nan,nan
4963,899000000,base_link,1,2,3,4,5,6,-0.07679999999991195,-1.6099999999988854,1.5700000001260255,0.9620000001724575,2.3577525165969997e-12,-1.4300195565466612e-10,nan,nan,nan,nan,nan,nan,nan,nan,nan,nan,nan,nan
4964,0,base_link,1,2,3,4,5,6,-0.07679999999991195,-1.6099999999988854,1.5700000001260255,0.9620000001724575,2.3577525142117517e-12,-1.4300195566854373e-10,nan,nan,nan,nan,nan,nan,nan,nan,nan,nan,nan,nan
4964,100000000,base_link,1,2,3,4,5,6,-0.07679999999991195,-1.6099999999988854,1.5700000001260255,0.9620000001724575,2.3577525152959504e-12,-1.4300195566854357e-10,nan,nan,nan,nan,nan,nan,nan,nan,nan,nan,nan,nan
4964,200000000,base_link,1,2,3,4,5,6,-0.07679999999991195,-1.6099999999988854,1.5700000001260255,0.9620000001724575,2.3577525165969896e-12,-1.4300195574140182e-10,nan,nan,nan,nan,nan,nan,nan,nan,nan,nan,nan,nan
4964,300000000,base_link,1,2,3,4,5,6,-0.07679999999991195,-1.6099999999988854,1.5700000001260255,0.9620000001724575,2.3577525142117416e-12,-1.4300195575527943e-10,nan,nan,nan,nan,nan,nan,nan,nan,nan,nan,nan,nan
4964,400000000,base_link,1,2,3,4,5,6,-0.07679999999991195,-1.6099999999988854,1.5700000001260255,0.9620000001724575,2.3577525152959403e-12,-1.4300195575527928e-10,nan,nan,nan,nan,nan,nan,nan,nan,nan,nan,nan,nan
4964,499000000,base_link,1,2,3,4,5,6,-0.07679999999991195,-1.6099999999988854,1.5700000001260255,0.9620000001724575,2.3577525165969795e-12,-1.4300195582813753e-10,nan,nan,nan,nan,nan,nan,nan,nan,nan,nan,nan,nan
4964,600000000,base_link,1,2,3,4,5,6,-0.07679999999991195,-1.6099999999988854,1.5700000001260255,0.9620000001724575,2.357752515838035e-12,-1.430019555020095e-10,nan,nan,nan,nan,nan,nan,nan,nan,nan,nan,nan,nan
4964,699000000,base_link,1,2,3,4,5,6,-0.07679999999991195,-1.6099999999988854,1.5700000001260255,0.9620000001724575,2.3577524896003416e-12,-1.4300195539792606e-10,nan,nan,nan,nan,nan,nan,nan,nan,nan,nan,nan,nan
4964,799000000,base_link,1,2,3,4,5,6,-0.07679999999991195,-1.6099999999988854,1.5700000001260255,0.9620000001724575,2.357752476915179e-12,-1.430019553215982e-10,nan,nan,nan,nan,nan,nan,nan,nan,nan,nan,nan,nan
4964,900000000,base_link,1,2,3,4,5,6,-0.07679999999991195,-1.6099999999988854,1.5700000001260255,0.9620000001724575,2.357752473879414e-12,-1.4300195536323144e-10,nan,nan,nan,nan,nan,nan,nan,nan,nan,nan,nan,nan
4964,999000000,base_link,1,2,3,4,5,6,-0.07679999999991195,-1.6099999999988854,1.5700000001260255,0.9620000001724575,2.3577524681331443e-12,-1.4300195532853688e-10,nan,nan,nan,nan,nan,nan,nan,nan,nan,nan,nan,nan
4965,100000000,base_link,1,2,3,4,5,6,-0.07679999999991195,-1.6099999999988854,1.5700000001260255,0.9620000001724575,2.357752467157364e-12,-1.430019552869034e-10,nan,nan,nan,nan,nan,nan,nan,nan,nan,nan,nan,nan
4965,199000000,base_link,1,2,3,4,5,6,-0.07679999999991195,-1.6099999999988854,1.5700000001260255,0.9620000001724575,2.357752464121599e-12,-1.4300195532853664e-10,nan,nan,nan,nan,nan,nan,nan,nan,nan,nan,nan,nan
4965,300000000,base_link,1,2,3,4,5,6,-0.07679999999991195,-1.6099999999988854,1.5700000001260255,0.9620000001724575,2.3577524583753292e-12,-1.4300195529384208e-10,nan,nan,nan,nan,nan,nan,nan,nan,nan,nan,nan,nan
4965,400000000,base_link,1,2,3,4,5,6,-0.07679999999991195,-1.6099999999988854,1.5700000001260255,0.9620000001724575,2.357752457399549e-12,-1.430019552522086e-10,nan,nan,nan,nan,nan,nan,nan,nan,nan,nan,nan,nan
4965,500000000,base_link,1,2,3,4,5,6,-0.07679999999991195,-1.6099999999988854,1.5700000001260255,0.9620000001724575,2.357752454363784e-12,-1.4300195529384185e-10,nan,nan,nan,nan,nan,nan,nan,nan,nan,nan,nan,nan
4965,599000000,base_link,1,2,3,4,5,6,-0.07679999999991195,-1.6099999999988854,1.5700000001260255,0.9620000001724575,2.357752448617514e-12,-1.4300195525914728e-10,nan,nan,nan,nan,nan,nan,nan,nan,nan,nan,nan,nan
4965,699000000,base_link,1,2,3,4,5,6,-0.07679999999991195,-1.6099999999988854,1.5700000001260255,0.9620000001724575,2.357752447641734e-12,-1.430019552175138e-10,nan,nan,nan,nan,nan,nan,nan,nan,nan,nan,nan,nan
4965,800000000,base_link,1,2,3,4,5,6,-0.07679999999991195,-1.6099999999988854,1.5700000001260255,0.9620000001724575,2.357752444605969e-12,-1.4300195525914705e-10,nan,nan,nan,nan,nan,nan,nan,nan,nan,nan,nan,nan
4965,900000000,base_link,1,2,3,4,5,6,-0.07679999999991195,-1.6099999999988854,1.5700000001260255,0.9620000001724575,2.357752438859699e-12,-1.4300195522445248e-10,nan,nan,nan,nan,nan,nan,nan,nan,nan,nan,nan,nan
4966,0,base_link,1,2,3,4,5,6,-0.07679999999991195,-1.6099999999988854,1.5700000001260255,0.9620000001724575,2.3577524378839188e-12,-1.43001955182819e-10,nan,nan,nan,nan,nan,nan,nan,nan,nan,nan,nan,nan
4966,99000000,base_link,1,2,3,4,5,6,-0.07679999999991195,-1.6099999999988854,1.5700000001260255,0.9620000001724575,2.3577524348481538e-12,-1.4300195522445225e-10,nan,nan,nan,nan,nan,nan,nan,nan,nan,nan,nan,nan
4966,200000000,base_link,1,2,3,4,5,6,-0.07679999999991195,-1.6099999999988854,1.5700000001260255,0.9620000001724575,2.357752429101884e-12,-1.4300195518975768e-10,nan,nan,nan,nan,nan,nan,nan,nan,nan,nan,nan,nan
4966,299000000,base_link,1,2,3,4,5,6,-0.07679999999991195,-1.6099999999988854,1.5700000001260255,0.9620000001724575,2.3577524281261037e-12,-1.430019551481242e-10,nan,nan,nan,nan,nan,nan,nan,nan,nan,nan,nan,nan
4966,400000000,base_link,1,2,3,4,5,6,-0.07679999999991195,-1.6099999999988854,1.5700000001260255,0.9620000001724575,2.3577524250903387e-12,-1.4300195518975745e-10,nan,nan,nan,nan,nan,nan,nan,nan,nan,nan,nan,nan
4966,499000000,base_link,1,2,3,4,5,6,-0.07679999999991195,-1.6099999999988854,1.5700000001260255,0.9620000001724575,2.357752419344069e-12,-1.4300195515506288e-10,nan,nan,nan,nan,nan,nan,nan,nan,nan,nan,nan,nan
4966,599000000,base_link,1,2,3,4,5,6,-0.07679999999991195,-1.6099999999988854,1.5700000001260255,0.9620000001724575,2.3577524183682886e-12,-1.430019551134294e-10,nan,nan,nan,nan,nan,nan,nan,nan,nan,nan,nan,nan
4966,700000000,base_link,1,2,3,4,5,6,-0.07679999999991195,-1.6099999999988854,1.5700000001260255,0.9620000001724575,2.3577524153325236e-12,-1.4300195515506265e-10,nan,nan,nan,nan,nan,nan,nan,nan,nan,nan,nan,nan
4966,799000000,base_link,1,2,3,4,5,6,-0.07679999999991195,-1.6099999999988854,1.5700000001260255,0.9620000001724575,2.3577524095862538e-12,-1.4300195512036809e-10,nan,nan,nan,nan,nan,nan,nan,nan,nan,nan,nan,nan
4966,899000000,base_link,1,2,3,4,5,6,-0.07679999999991195,-1.6099999999988854,1.5700000001260255,0.9620000001724575,2.3577524086104735e-12,-1.430019550787346e-10,nan,nan,nan,nan,nan,nan,nan,nan,nan,nan,nan,nan
4966,999000000,base_link,1,2,3,4,5,6,-0.07679999999991195,-1.6099999999988854,1.5700000001260255,0.9620000001724575,2.3577524055747085e-12,-1.4300195512036785e-10,nan,nan,nan,nan,nan,nan,nan,nan,nan,nan,nan,nan
4967,100000000,base_link,1,2,3,4,5,6,-0.07679999999991195,-1.6099999999988854,1.5700000001260255,0.9620000001724575,2.3577523998284387e-12,-1.430019550856733e-10,nan,nan,nan,nan,nan,nan,nan,nan,nan,nan,nan,nan
4967,199000000,base_link,1,2,3,4,5,6,-0.07679999999991195,-1.6099999999988854,1.5700000001260255,0.9620000001724575,2.3577524043820877e-12,-1.4300195499546754e-10,nan,nan,nan,nan,nan,nan,nan,nan,nan,nan,nan,nan
4967,299000000,base_link,1,2,3,4,5,6,-0.07679999999991195,-1.6099999999988854,1.5700000001260255,0.9620000001724575,2.35775241630831e-12,-1.4300195499546738e-10,nan,nan,nan,nan,nan,nan,nan,nan,nan,nan,nan,nan
4967,399000000,base_link,1,2,3,4,5,6,-0.07679999999991195,-1.6099999999988854,1.5700000001260255,0.9620000001724575,2.3577524284513726e-12,-1.4300195506832563e-10,nan,nan,nan,nan,nan,nan,nan,nan,nan,nan,nan,nan
4967,500000000,base_link,1,2,3,4,5,6,-0.07679999999991195,-1.6099999999988854,1.5700000001260255,0.9620000001724575,2.357752436908148e-12,-1.4300195508220324e-10,nan,nan,nan,nan,nan,nan,nan,nan,nan,nan,nan,nan
4967,600000000,base_link,1,2,3,4,5,6,-0.07679999999991195,-1.6099999999988854,1.5700000001260255,0.9620000001724575,2.3577524488343704e-12,-1.4300195508220308e-10,nan,nan,nan,nan,nan,nan,nan,nan,nan,nan,nan,nan
4967,700000000,base_link,1,2,3,4,5,6,-0.07679999999991195,-1.6099999999988854,1.5700000001260255,0.9620000001724575,2.357752460977433e-12,-1.4300195515506133e-10,nan,nan,nan,nan,nan,nan,nan,nan,nan,nan,nan,nan
4967,800000000,base_link,1,2,3,4,5,6,-0.07679999999991195,-1.6099999999988854,1.5700000001260255,0.9620000001724575,2.3577524694342086e-12,-1.4300195516893894e-10,nan,nan,nan,nan,nan,nan,nan,nan,nan,nan,nan,nan
4967,899000000,base_link,1,2,3,4,5,6,-0.07679999999991195,-1.6099999999988854,1.5700000001260255,0.9620000001724575,2.3577524813604308e-12,-1.430019551689388e-10,nan,nan,nan,nan,nan,nan,nan,nan,nan,nan,nan,nan
4968,0,base_link,1,2,3,4,5,6,-0.07679999999991195,-1.6099999999988854,1.5700000001260255,0.9620000001724575,2.3577525091160073e-12,-1.4300195524179704e-10,nan,nan,nan,nan,nan,nan,nan,nan,nan,nan,nan,nan
4968,100000000,base_link,1,2,3,4,5,6,-0.07679999999991195,-1.6099999999988854,1.5700000001260255,0.9620000001724575,2.3577525022855335e-12,-1.4300195517587744e-10,nan,nan,nan,nan,nan,nan,nan,nan,nan,nan,nan,nan
4968,200000000,base_link,1,2,3,4,5,6,-0.07679999999991195,-1.6099999999988854,1.5700000001260255,0.9620000001724575,2.3577524813604336e-12,-1.4300195502322172e-10,nan,nan,nan,nan,nan,nan,nan,nan,nan,nan,nan,nan
4968,300000000,base_link,1,2,3,4,5,6,-0.07679999999991195,-1.6099999999988854,1.5700000001260255,0.9620000001724575,2.3577525071644463e-12,-1.4300195507179382e-10,nan,nan,nan,nan,nan,nan,nan,nan,nan,nan,nan,nan
4968,400000000,base_link,1,2,3,4,5,6,-0.07679999999991195,-1.6099999999988854,1.5700000001260255,0.9620000001724575,2.3577525052128817e-12,-1.430019549989353e-10,nan,nan,nan,nan,nan,nan,nan,nan,nan,nan,nan,nan
4968,499000000,base_link,1,2,3,4,5,6,-0.07679999999991195,-1.6099999999988854,1.5700000001260255,0.9620000001724575,2.3577525138864976e-12,-1.430019550093435e-10,nan,nan,nan,nan,nan,nan,nan,nan,nan,nan,nan,nan
4968,600000000,base_link,1,2,3,4,5,6,-0.07679999999991195,-1.6099999999988854,1.5700000001260255,0.9620000001724575,2.35775251692226e-12,-1.430019550648545e-10,nan,nan,nan,nan,nan,nan,nan,nan,nan,nan,nan,nan
4968,700000000,base_link,1,2,3,4,5,6,-0.07679999999991195,-1.6099999999988854,1.5700000001260255,0.9620000001724575,2.357752514970693e-12,-1.4300195508567101e-10,nan,nan,nan,nan,nan,nan,nan,nan,nan,nan,nan,nan
4968,800000000,base_link,1,2,3,4,5,6,-0.07679999999991195,-1.6099999999988854,1.5700000001260255,0.9620000001724575,2.3577525138864876e-12,-1.430019550960792e-10,nan,nan,nan,nan,nan,nan,nan,nan,nan,nan,nan,nan
4968,899000000,base_link,1,2,3,4,5,6,-0.07679999999991195,-1.6099999999988854,1.5700000001260255,0.9620000001724575,2.35775251692225e-12,-1.430019551515902e-10,nan,nan,nan,nan,nan,nan,nan,nan,nan,nan,nan,nan
4968,998000000,base_link,1,2,3,4,5,6,-0.07679999999991195,-1.6099999999988854,1.5700000001260255,0.9620000001724575,2.357752514970683e-12,-1.4300195517240672e-10,nan,nan,nan,nan,nan,nan,nan,nan,nan,nan,nan,nan
4969,100000000,base_link,1,2,3,4,5,6,-0.07679999999991195,-1.6099999999988854,1.5700000001260255,0.9620000001724575,2.3577525138864775e-12,-1.430019551828149e-10,nan,nan,nan,nan,nan,nan,nan,nan,nan,nan,nan,nan
4969,199000000,base_link,1,2,3,4,5,6,-0.07679999999991195,-1.6099999999988854,1.5700000001260255,0.9620000001724575,2.35775251692224e-12,-1.430019552383259e-10,nan,nan,nan,nan,nan,nan,nan,nan,nan,nan,nan,nan
4969,300000000,base_link,1,2,3,4,5,6,-0.07679999999991195,-1.6099999999988854,1.5700000001260255,0.9620000001724575,2.357752514970673e-12,-1.4300195525914242e-10,nan,nan,nan,nan,nan,nan,nan,nan,nan,nan,nan,nan
4969,400000000,base_link,1,2,3,4,5,6,-0.07679999999991195,-1.6099999999988854,1.5700000001260255,0.9620000001724575,2.3577525138864674e-12,-1.430019552695506e-10,nan,nan,nan,nan,nan,nan,nan,nan,nan,nan,nan,nan
4969,499000000,base_link,1,2,3,4,5,6,-0.07679999999991195,-1.6099999999988854,1.5700000001260255,0.9620000001724575,2.35775251692223e-12,-1.430019553250616e-10,nan,nan,nan,nan,nan,nan,nan,nan,nan,nan,nan,nan
4969,600000000,base_link,1,2,3,4,5,6,-0.07679999999991195,-1.6099999999988854,1.5700000001260255,0.9620000001724575,2.357752514970663e-12,-1.4300195534587812e-10,nan,nan,nan,nan,nan,nan,nan,nan,nan,nan,nan,nan
4969,700000000,base_link,1,2,3,4,5,6,-0.07679999999991195,-1.6099999999988854,1.5700000001260255,0.9620000001724575,2.3577525138864573e-12,-1.430019553562863e-10,nan,nan,nan,nan,nan,nan,nan,nan,nan,nan,nan,nan
4969,800000000,base_link,1,2,3,4,5,6,-0.07679999999991195,-1.6099999999988854,1.5700000001260255,0.9620000001724575,2.35775251692222e-12,-1.430019554117973e-10,nan,nan,nan,nan,nan,nan,nan,nan,nan,nan,nan,nan
4969,900000000,base_link,1,2,3,4,5,6,-0.07679999999991195,-1.6099999999988854,1.5700000001260255,0.9620000001724575,2.3577525149706527e-12,-1.4300195543261383e-10,nan,nan,nan,nan,nan,nan,nan,nan,nan,nan,nan,nan
4970,0,base_link,1,2,3,4,5,6,-0.07679999999991195,-1.6099999999988854,1.5700000001260255,0.9620000001724575,2.357752513886447e-12,-1.43001955443022e-10,nan,nan,nan,nan,nan,nan,nan,nan,nan,nan,nan,nan
4970,100000000,base_link,1,2,3,4,5,6,-0.07679999999991195,-1.6099999999988854,1.5700000001260255,0.9620000001724575,2.3577525169222097e-12,-1.4300195549853301e-10,nan,nan,nan,nan,nan,nan,nan,nan,nan,nan,nan,nan
4970,200000000,base_link,1,2,3,4,5,6,-0.07679999999991195,-1.6099999999988854,1.5700000001260255,0.9620000001724575,2.3577525149706426e-12,-1.4300195551934953e-10,nan,nan,nan,nan,nan,nan,nan,nan,nan,nan,nan,nan
4970,300000000,base_link,1,2,3,4,5,6,-0.07679999999991195,-1.6099999999988854,1.5700000001260255,0.9620000001724575,2.357752513886437e-12,-1.430019555297577e-10,nan,nan,nan,nan,nan,nan,nan,nan,nan,nan,nan,nan
4970,400000000,base_link,1,2,3,4,5,6,-0.07679999999991195,-1.6099999999988854,1.5700000001260255,0.9620000001724575,2.3577525169221996e-12,-1.4300195558526872e-10,nan,nan,nan,nan,nan,nan,nan,nan,nan,nan,nan,nan
4970,500000000,base_link,1,2,3,4,5,6,-0.07679999999991195,-1.6099999999988854,1.5700000001260255,0.9620000001724575,2.3577525149706325e-12,-1.4300195560608523e-10,nan,nan,nan,nan,nan,nan,nan,nan,nan,nan,nan,nan
4970,600000000,base_link,1,2,3,4,5,6,-0.07679999999991195,-1.6099999999988854,1.5700000001260255,0.9620000001724575,2.357752513886427e-12,-1.4300195561649341e-10,nan,nan,nan,nan,nan,nan,nan,nan,nan,nan,nan,nan
4970,700000000,base_link,1,2,3,4,5,6,-0.07679999999991195,-1.6099999999988854,1.5700000001260255,0.9620000001724575,2.3577525169221895e-12,-1.4300195567200442e-10,nan,nan,nan,nan,nan,nan,nan,nan,nan,nan,nan,nan
4970,799000000,base_link,1,2,3,4,5,6,-0.07679999999991195,-1.6099999999988854,1.5700000001260255,0.9620000001724575,2.3577525149706224e-12,-1.4300195569282094e-10,nan,nan,nan,nan,nan,nan,nan,nan,nan,nan,nan,nan
4970,900000000,base_link,1,2,3,4,5,6,-0.07679999999991195,-1.6099999999988854,1.5700000001260255,0.9620000001724575,2.357752513886417e-12,-1.4300195570322912e-10,nan,nan,nan,nan,nan,nan,nan,nan,nan,nan,nan,nan
4971,0,base_link,1,2,3,4,5,6,-0.07679999999991195,-1.6099999999988854,1.5700000001260255,0.9620000001724575,2.3577525169221794e-12,-1.4300195575874012e-10,nan,nan,nan,nan,nan,nan,nan,nan,nan,nan,nan,nan
4971,100000000,base_link,1,2,3,4,5,6,-0.07679999999991195,-1.6099999999988854,1.5700000001260255,0.9620000001724575,2.3577525149706124e-12,-1.4300195577955664e-10,nan,nan,nan,nan,nan,nan,nan,nan,nan,nan,nan,nan
4971,200000000,base_link,1,2,3,4,5,6,-0.07679999999991195,-1.6099999999988854,1.5700000001260255,0.9620000001724575,2.3577525142116677e-12,-1.4300195541873415e-10,nan,nan,nan,nan,nan,nan,nan,nan,nan,nan,nan,nan
4971,299000000,base_link,1,2,3,4,5,6,-0.07679999999991195,-1.6099999999988854,1.5700000001260255,0.9620000001724575,2.3577524902507984e-12,-1.4300195524526179e-10,nan,nan,nan,nan,nan,nan,nan,nan,nan,nan,nan,nan
4971,399000000,base_link,1,2,3,4,5,6,-0.07679999999991195,-1.6099999999988854,1.5700000001260255,0.9620000001724575,2.3577524811435027e-12,-1.4300195518628112e-10,nan,nan,nan,nan,nan,nan,nan,nan,nan,nan,nan,nan
4971,500000000,base_link,1,2,3,4,5,6,-0.07679999999991195,-1.6099999999988854,1.5700000001260255,0.9620000001724575,2.3577524781077377e-12,-1.4300195522791436e-10,nan,nan,nan,nan,nan,nan,nan,nan,nan,nan,nan,nan
4971,600000000,base_link,1,2,3,4,5,6,-0.07679999999991195,-1.6099999999988854,1.5700000001260255,0.9620000001724575,2.357752472361468e-12,-1.430019551932198e-10,nan,nan,nan,nan,nan,nan,nan,nan,nan,nan,nan,nan
4971,699000000,base_link,1,2,3,4,5,6,-0.07679999999991195,-1.6099999999988854,1.5700000001260255,0.9620000001724575,2.3577524713856876e-12,-1.4300195515158632e-10,nan,nan,nan,nan,nan,nan,nan,nan,nan,nan,nan,nan
4971,800000000,base_link,1,2,3,4,5,6,-0.07679999999991195,-1.6099999999988854,1.5700000001260255,0.9620000001724575,2.3577524683499226e-12,-1.4300195519321956e-10,nan,nan,nan,nan,nan,nan,nan,nan,nan,nan,nan,nan
4971,900000000,base_link,1,2,3,4,5,6,-0.07679999999991195,-1.6099999999988854,1.5700000001260255,0.9620000001724575,2.3577524626036528e-12,-1.43001955158525e-10,nan,nan,nan,nan,nan,nan,nan,nan,nan,nan,nan,nan
4972,0,base_link,1,2,3,4,5,6,-0.07679999999991195,-1.6099999999988854,1.5700000001260255,0.9620000001724575,2.3577524616278725e-12,-1.4300195511689152e-10,nan,nan,nan,nan,nan,nan,nan,nan,nan,nan,nan,nan
4972,100000000,base_link,1,2,3,4,5,6,-0.07679999999991195,-1.6099999999988854,1.5700000001260255,0.9620000001724575,2.3577524585921075e-12,-1.4300195515852476e-10,nan,nan,nan,nan,nan,nan,nan,nan,nan,nan,nan,nan
4972,200000000,base_link,1,2,3,4,5,6,-0.07679999999991195,-1.6099999999988854,1.5700000001260255,0.9620000001724575,2.3577524528458377e-12,-1.430019551238302e-10,nan,nan,nan,nan,nan,nan,nan,nan,nan,nan,nan,nan
4972,300000000,base_link,1,2,3,4,5,6,-0.07679999999991195,-1.6099999999988854,1.5700000001260255,0.9620000001724575,2.3577524518700574e-12,-1.4300195508219673e-10,nan,nan,nan,nan,nan,nan,nan,nan,nan,nan,nan,nan
4972,400000000,base_link,1,2,3,4,5,6,-0.07679999999991195,-1.6099999999988854,1.5700000001260255,0.9620000001724575,2.3577524488342924e-12,-1.4300195512382997e-10,nan,nan,nan,nan,nan,nan,nan,nan,nan,nan,nan,nan
4972,499000000,base_link,1,2,3,4,5,6,-0.07679999999991195,-1.6099999999988854,1.5700000001260255,0.9620000001724575,2.3577524430880226e-12,-1.430019550891354e-10,nan,nan,nan,nan,nan,nan,nan,nan,nan,nan,nan,nan
4972,600000000,base_link,1,2,3,4,5,6,-0.07679999999991195,-1.6099999999988854,1.5700000001260255,0.9620000001724575,2.3577524421122423e-12,-1.4300195504750193e-10,nan,nan,nan,nan,nan,nan,nan,nan,nan,nan,nan,nan
4972,699000000,base_link,1,2,3,4,5,6,-0.07679999999991195,-1.6099999999988854,1.5700000001260255,0.9620000001724575,2.3577524390764773e-12,-1.4300195508913517e-10,nan,nan,nan,nan,nan,nan,nan,nan,nan,nan,nan,nan
4972,800000000,base_link,1,2,3,4,5,6,-0.07679999999991195,-1.6099999999988854,1.5700000001260255,0.9620000001724575,2.3577524333302075e-12,-1.430019550544406e-10,nan,nan,nan,nan,nan,nan,nan,nan,nan,nan,nan,nan
4972,900000000,base_link,1,2,3,4,5,6,-0.07679999999991195,-1.6099999999988854,1.5700000001260255,0.9620000001724575,2.357752432354427e-12,-1.4300195501280713e-10,nan,nan,nan,nan,nan,nan,nan,nan,nan,nan,nan,nan
4972,999000000,base_link,1,2,3,4,5,6,-0.07679999999991195,-1.6099999999988854,1.5700000001260255,0.9620000001724575,2.3577524293186622e-12,-1.4300195505444037e-10,nan,nan,nan,nan,nan,nan,nan,nan,nan,nan,nan,nan
4973,99000000,base_link,1,2,3,4,5,6,-0.07679999999991195,-1.6099999999988854,1.5700000001260255,0.9620000001724575,2.3577524235723924e-12,-1.430019550197458e-10,nan,nan,nan,nan,nan,nan,nan,nan,nan,nan,nan,nan
4973,199000000,base_link,1,2,3,4,5,6,-0.07679999999991195,-1.6099999999988854,1.5700000001260255,0.9620000001724575,2.357752422596612e-12,-1.4300195497811233e-10,nan,nan,nan,nan,nan,nan,nan,nan,nan,nan,nan,nan
4973,300000000,base_link,1,2,3,4,5,6,-0.07679999999991195,-1.6099999999988854,1.5700000001260255,0.9620000001724575,2.357752419560847e-12,-1.4300195501974557e-10,nan,nan,nan,nan,nan,nan,nan,nan,nan,nan,nan,nan
4973,400000000,base_link,1,2,3,4,5,6,-0.07679999999991195,-1.6099999999988854,1.5700000001260255,0.9620000001724575,2.3577524138145773e-12,-1.43001954985051e-10,nan,nan,nan,nan,nan,nan,nan,nan,nan,nan,nan,nan
4973,500000000,base_link,1,2,3,4,5,6,-0.07679999999991195,-1.6099999999988854,1.5700000001260255,0.9620000001724575,2.357752412838797e-12,-1.4300195494341753e-10,nan,nan,nan,nan,nan,nan,nan,nan,nan,nan,nan,nan
4973,600000000,base_link,1,2,3,4,5,6,-0.07679999999991195,-1.6099999999988854,1.5700000001260255,0.9620000001724575,2.357752409803032e-12,-1.4300195498505077e-10,nan,nan,nan,nan,nan,nan,nan,nan,nan,nan,nan,nan
4973,700000000,base_link,1,2,3,4,5,6,-0.07679999999991195,-1.6099999999988854,1.5700000001260255,0.9620000001724575,2.3577524040567622e-12,-1.430019549503562e-10,nan,nan,nan,nan,nan,nan,nan,nan,nan,nan,nan,nan
4973,799000000,base_link,1,2,3,4,5,6,-0.07679999999991195,-1.6099999999988854,1.5700000001260255,0.9620000001724575,2.357752403080982e-12,-1.4300195490872273e-10,nan,nan,nan,nan,nan,nan,nan,nan,nan,nan,nan,nan
4973,900000000,base_link,1,2,3,4,5,6,-0.07679999999991195,-1.6099999999988854,1.5700000001260255,0.9620000001724575,2.357752396142088e-12,-1.4300195481157813e-10,nan,nan,nan,nan,nan,nan,nan,nan,nan,nan,nan,nan
4974,0,base_link,1,2,3,4,5,6,-0.07679999999991195,-1.6099999999988854,1.5700000001260255,0.9620000001724575,2.3577524102367154e-12,-1.4300195486015022e-10,nan,nan,nan,nan,nan,nan,nan,nan,nan,nan,nan,nan
4974,99000000,base_link,1,2,3,4,5,6,-0.07679999999991195,-1.6099999999988854,1.5700000001260255,0.9620000001724575,2.3577524199945333e-12,-1.430019548705584e-10,nan,nan,nan,nan,nan,nan,nan,nan,nan,nan,nan,nan
4974,198000000,base_link,1,2,3,4,5,6,-0.07679999999991195,-1.6099999999988854,1.5700000001260255,0.9620000001724575,2.3577524338723198e-12,-1.430019549260694e-10,nan,nan,nan,nan,nan,nan,nan,nan,nan,nan,nan,nan
4974,299000000,base_link,1,2,3,4,5,6,-0.07679999999991195,-1.6099999999988854,1.5700000001260255,0.9620000001724575,2.357752442762776e-12,-1.4300195494688593e-10,nan,nan,nan,nan,nan,nan,nan,nan,nan,nan,nan,nan
4974,400000000,base_link,1,2,3,4,5,6,-0.07679999999991195,-1.6099999999988854,1.5700000001260255,0.9620000001724575,2.3577524525205937e-12,-1.430019549572941e-10,nan,nan,nan,nan,nan,nan,nan,nan,nan,nan,nan,nan
4974,500000000,base_link,1,2,3,4,5,6,-0.07679999999991195,-1.6099999999988854,1.5700000001260255,0.9620000001724575,2.35775246639838e-12,-1.430019550128051e-10,nan,nan,nan,nan,nan,nan,nan,nan,nan,nan,nan,nan
4974,600000000,base_link,1,2,3,4,5,6,-0.07679999999991195,-1.6099999999988854,1.5700000001260255,0.9620000001724575,2.3577524752888362e-12,-1.4300195503362163e-10,nan,nan,nan,nan,nan,nan,nan,nan,nan,nan,nan,nan
4974,699000000,base_link,1,2,3,4,5,6,-0.07679999999991195,-1.6099999999988854,1.5700000001260255,0.9620000001724575,2.3577524922023897e-12,-1.430019550440298e-10,nan,nan,nan,nan,nan,nan,nan,nan,nan,nan,nan,nan
4974,800000000,base_link,1,2,3,4,5,6,-0.07679999999991195,-1.6099999999988854,1.5700000001260255,0.9620000001724575,2.357752520391647e-12,-1.4300195509954082e-10,nan,nan,nan,nan,nan,nan,nan,nan,nan,nan,nan,nan
4974,900000000,base_link,1,2,3,4,5,6,-0.07679999999991195,-1.6099999999988854,1.5700000001260255,0.9620000001724575,2.357752508790682e-12,-1.430019549746406e-10,nan,nan,nan,nan,nan,nan,nan,nan,nan,nan,nan,nan
4975,0,base_link,1,2,3,4,5,6,-0.07679999999991195,-1.6099999999988854,1.5700000001260255,0.9620000001724575,2.3577525165969355e-12,-1.4300195504749885e-10,nan,nan,nan,nan,nan,nan,nan,nan,nan,nan,nan,nan
4975,100000000,base_link,1,2,3,4,5,6,-0.07679999999991195,-1.6099999999988854,1.5700000001260255,0.9620000001724575,2.3577525142116875e-12,-1.4300195506137646e-10,nan,nan,nan,nan,nan,nan,nan,nan,nan,nan,nan,nan
4975,199000000,base_link,1,2,3,4,5,6,-0.07679999999991195,-1.6099999999988854,1.5700000001260255,0.9620000001724575,2.357752515295886e-12,-1.430019550613763e-10,nan,nan,nan,nan,nan,nan,nan,nan,nan,nan,nan,nan
4975,300000000,base_link,1,2,3,4,5,6,-0.07679999999991195,-1.6099999999988854,1.5700000001260255,0.9620000001724575,2.3577525165969254e-12,-1.4300195513423455e-10,nan,nan,nan,nan,nan,nan,nan,nan,nan,nan,nan,nan
4975,399000000,base_link,1,2,3,4,5,6,-0.07679999999991195,-1.6099999999988854,1.5700000001260255,0.9620000001724575,2.3577525142116774e-12,-1.4300195514811216e-10,nan,nan,nan,nan,nan,nan,nan,nan,nan,nan,nan,nan
4975,500000000,base_link,1,2,3,4,5,6,-0.07679999999991195,-1.6099999999988854,1.5700000001260255,0.9620000001724575,2.357752515295876e-12,-1.43001955148112e-10,nan,nan,nan,nan,nan,nan,nan,nan,nan,nan,nan,nan
4975,599000000,base_link,1,2,3,4,5,6,-0.07679999999991195,-1.6099999999988854,1.5700000001260255,0.9620000001724575,2.3577525165969153e-12,-1.4300195522097026e-10,nan,nan,nan,nan,nan,nan,nan,nan,nan,nan,nan,nan
4975,700000000,base_link,1,2,3,4,5,6,-0.07679999999991195,-1.6099999999988854,1.5700000001260255,0.9620000001724575,2.3577525142116673e-12,-1.4300195523484787e-10,nan,nan,nan,nan,nan,nan,nan,nan,nan,nan,nan,nan
4975,799000000,base_link,1,2,3,4,5,6,-0.07679999999991195,-1.6099999999988854,1.5700000001260255,0.9620000001724575,2.357752515295866e-12,-1.430019552348477e-10,nan,nan,nan,nan,nan,nan,nan,nan,nan,nan,nan,nan
4975,900000000,base_link,1,2,3,4,5,6,-0.07679999999991195,-1.6099999999988854,1.5700000001260255,0.9620000001724575,2.357752516596905e-12,-1.4300195530770596e-10,nan,nan,nan,nan,nan,nan,nan,nan,nan,nan,nan,nan
4975,997000000,base_link,1,2,3,4,5,6,-0.07679999999991195,-1.6099999999988854,1.5700000001260255,0.9620000001724575,2.357752514211657e-12,-1.4300195532158357e-10,nan,nan,nan,nan,nan,nan,nan,nan,nan,nan,nan,nan
4976,100000000,base_link,1,2,3,4,5,6,-0.07679999999991195,-1.6099999999988854,1.5700000001260255,0.9620000001724575,2.357752515295856e-12,-1.4300195532158342e-10,nan,nan,nan,nan,nan,nan,nan,nan,nan,nan,nan,nan
4976,200000000,base_link,1,2,3,4,5,6,-0.07679999999991195,-1.6099999999988854,1.5700000001260255,0.9620000001724575,2.357752516596895e-12,-1.4300195539444166e-10,nan,nan,nan,nan,nan,nan,nan,nan,nan,nan,nan,nan
4976,300000000,base_link,1,2,3,4,5,6,-0.07679999999991195,-1.6099999999988854,1.5700000001260255,0.9620000001724575,2.357752514211647e-12,-1.4300195540831927e-10,nan,nan,nan,nan,nan,nan,nan,nan,nan,nan,nan,nan
4976,400000000,base_link,1,2,3,4,5,6,-0.07679999999991195,-1.6099999999988854,1.5700000001260255,0.9620000001724575,2.3577525152958458e-12,-1.4300195540831912e-10,nan,nan,nan,nan,nan,nan,nan,nan,nan,nan,nan,nan
4976,500000000,base_link,1,2,3,4,5,6,-0.07679999999991195,-1.6099999999988854,1.5700000001260255,0.9620000001724575,2.357752516596885e-12,-1.4300195548117737e-10,nan,nan,nan,nan,nan,nan,nan,nan,nan,nan,nan,nan
4976,600000000,base_link,1,2,3,4,5,6,-0.07679999999991195,-1.6099999999988854,1.5700000001260255,0.9620000001724575,2.357752514211637e-12,-1.4300195549505498e-10,nan,nan,nan,nan,nan,nan,nan,nan,nan,nan,nan,nan
4976,700000000,base_link,1,2,3,4,5,6,-0.07679999999991195,-1.6099999999988854,1.5700000001260255,0.9620000001724575,2.3577525152958357e-12,-1.4300195549505482e-10,nan,nan,nan,nan,nan,nan,nan,nan,nan,nan,nan,nan
4976,799000000,base_link,1,2,3,4,5,6,-0.07679999999991195,-1.6099999999988854,1.5700000001260255,0.9620000001724575,2.357752516596875e-12,-1.4300195556791307e-10,nan,nan,nan,nan,nan,nan,nan,nan,nan,nan,nan,nan
4976,900000000,base_link,1,2,3,4,5,6,-0.07679999999991195,-1.6099999999988854,1.5700000001260255,0.9620000001724575,2.357752514211627e-12,-1.4300195558179068e-10,nan,nan,nan,nan,nan,nan,nan,nan,nan,nan,nan,nan
4977,0,base_link,1,2,3,4,5,6,-0.07679999999991195,-1.6099999999988854,1.5700000001260255,0.9620000001724575,2.3577525152958256e-12,-1.4300195558179053e-10,nan,nan,nan,nan,nan,nan,nan,nan,nan,nan,nan,nan
4977,100000000,base_link,1,2,3,4,5,6,-0.07679999999991195,-1.6099999999988854,1.5700000001260255,0.9620000001724575,2.3577525165968648e-12,-1.4300195565464877e-10,nan,nan,nan,nan,nan,nan,nan,nan,nan,nan,nan,nan
4977,198000000,base_link,1,2,3,4,5,6,-0.07679999999991195,-1.6099999999988854,1.5700000001260255,0.9620000001724575,2.3577525142116168e-12,-1.4300195566852638e-10,nan,nan,nan,nan,nan,nan,nan,nan,nan,nan,nan,nan
4977,300000000,base_link,1,2,3,4,5,6,-0.07679999999991195,-1.6099999999988854,1.5700000001260255,0.9620000001724575,2.3577525152958155e-12,-1.4300195566852623e-10,nan,nan,nan,nan,nan,nan,nan,nan,nan,nan,nan,nan
4977,400000000,base_link,1,2,3,4,5,6,-0.07679999999991195,-1.6099999999988854,1.5700000001260255,0.9620000001724575,2.3577525165968547e-12,-1.4300195574138448e-10,nan,nan,nan,nan,nan,nan,nan,nan,nan,nan,nan,nan
4977,499000000,base_link,1,2,3,4,5,6,-0.07679999999991195,-1.6099999999988854,1.5700000001260255,0.9620000001724575,2.3577525142116067e-12,-1.430019557552621e-10,nan,nan,nan,nan,nan,nan,nan,nan,nan,nan,nan,nan
4977,600000000,base_link,1,2,3,4,5,6,-0.07679999999991195,-1.6099999999988854,1.5700000001260255,0.9620000001724575,2.3577525152958054e-12,-1.4300195575526193e-10,nan,nan,nan,nan,nan,nan,nan,nan,nan,nan,nan,nan
4977,700000000,base_link,1,2,3,4,5,6,-0.07679999999991195,-1.6099999999988854,1.5700000001260255,0.9620000001724575,2.3577525165968446e-12,-1.4300195582812018e-10,nan,nan,nan,nan,nan,nan,nan,nan,nan,nan,nan,nan
4977,800000000,base_link,1,2,3,4,5,6,-0.07679999999991195,-1.6099999999988854,1.5700000001260255,0.9620000001724575,2.3577525158379e-12,-1.4300195550199215e-10,nan,nan,nan,nan,nan,nan,nan,nan,nan,nan,nan,nan
4977,900000000,base_link,1,2,3,4,5,6,-0.07679999999991195,-1.6099999999988854,1.5700000001260255,0.9620000001724575,2.3577524896002067e-12,-1.4300195539790871e-10,nan,nan,nan,nan,nan,nan,nan,nan,nan,nan,nan,nan
4977,999000000,base_link,1,2,3,4,5,6,-0.07679999999991195,-1.6099999999988854,1.5700000001260255,0.9620000001724575,2.3577524769150442e-12,-1.4300195532158086e-10,nan,nan,nan,nan,nan,nan,nan,nan,nan,nan,nan,nan
4978,100000000,base_link,1,2,3,4,5,6,-0.07679999999991195,-1.6099999999988854,1.5700000001260255,0.9620000001724575,2.3577524738792793e-12,-1.430019553632141e-10,nan,nan,nan,nan,nan,nan,nan,nan,nan,nan,nan,nan
4978,199000000,base_link,1,2,3,4,5,6,-0.07679999999991195,-1.6099999999988854,1.5700000001260255,0.9620000001724575,2.3577524681330094e-12,-1.4300195532851953e-10,nan,nan,nan,nan,nan,nan,nan,nan,nan,nan,nan,nan
4978,300000000,base_link,1,2,3,4,5,6,-0.07679999999991195,-1.6099999999988854,1.5700000001260255,0.9620000001724575,2.357752467157229e-12,-1.4300195528688606e-10,nan,nan,nan,nan,nan,nan,nan,nan,nan,nan,nan,nan
4978,399000000,base_link,1,2,3,4,5,6,-0.07679999999991195,-1.6099999999988854,1.5700000001260255,0.9620000001724575,2.357752464121464e-12,-1.430019553285193e-10,nan,nan,nan,nan,nan,nan,nan,nan,nan,nan,nan,nan
4978,500000000,base_link,1,2,3,4,5,6,-0.07679999999991195,-1.6099999999988854,1.5700000001260255,0.9620000001724575,2.3577524583751943e-12,-1.4300195529382473e-10,nan,nan,nan,nan,nan,nan,nan,nan,nan,nan,nan,nan
4978,600000000,base_link,1,2,3,4,5,6,-0.07679999999991195,-1.6099999999988854,1.5700000001260255,0.9620000001724575,2.357752457399414e-12,-1.4300195525219126e-10,nan,nan,nan,nan,nan,nan,nan,nan,nan,nan,nan,nan
4978,700000000,base_link,1,2,3,4,5,6,-0.07679999999991195,-1.6099999999988854,1.5700000001260255,0.9620000001724575,2.357752454363649e-12,-1.430019552938245e-10,nan,nan,nan,nan,nan,nan,nan,nan,nan,nan,nan,nan
4978,800000000,base_link,1,2,3,4,5,6,-0.07679999999991195,-1.6099999999988854,1.5700000001260255,0.9620000001724575,2.3577524486173792e-12,-1.4300195525912993e-10,nan,nan,nan,nan,nan,nan,nan,nan,nan,nan,nan,nan
4978,900000000,base_link,1,2,3,4,5,6,-0.07679999999991195,-1.6099999999988854,1.5700000001260255,0.9620000001724575,2.357752447641599e-12,-1.4300195521749646e-10,nan,nan,nan,nan,nan,nan,nan,nan,nan,nan,nan,nan
4979,0,base_link,1,2,3,4,5,6,-0.07679999999991195,-1.6099999999988854,1.5700000001260255,0.9620000001724575,2.357752444605834e-12,-1.430019552591297e-10,nan,nan,nan,nan,nan,nan,nan,nan,nan,nan,nan,nan
4979,99000000,base_link,1,2,3,4,5,6,-0.07679999999991195,-1.6099999999988854,1.5700000001260255,0.9620000001724575,2.357752438859564e-12,-1.4300195522443514e-10,nan,nan,nan,nan,nan,nan,nan,nan,nan,nan,nan,nan
4979,200000000,base_link,1,2,3,4,5,6,-0.07679999999991195,-1.6099999999988854,1.5700000001260255,0.9620000001724575,2.357752437883784e-12,-1.4300195518280166e-10,nan,nan,nan,nan,nan,nan,nan,nan,nan,nan,nan,nan
4979,300000000,base_link,1,2,3,4,5,6,-0.07679999999991195,-1.6099999999988854,1.5700000001260255,0.9620000001724575,2.357752434848019e-12,-1.430019552244349e-10,nan,nan,nan,nan,nan,nan,nan,nan,nan,nan,nan,nan
4979,400000000,base_link,1,2,3,4,5,6,-0.07679999999991195,-1.6099999999988854,1.5700000001260255,0.9620000001724575,2.357752429101749e-12,-1.4300195518974034e-10,nan,nan,nan,nan,nan,nan,nan,nan,nan,nan,nan,nan
4979,500000000,base_link,1,2,3,4,5,6,-0.07679999999991195,-1.6099999999988854,1.5700000001260255,0.9620000001724575,2.3577524281259688e-12,-1.4300195514810686e-10,nan,nan,nan,nan,nan,nan,nan,nan,nan,nan,nan,nan
4979,599000000,base_link,1,2,3,4,5,6,-0.07679999999991195,-1.6099999999988854,1.5700000001260255,0.9620000001724575,2.3577524250902038e-12,-1.430019551897401e-10,nan,nan,nan,nan,nan,nan,nan,nan,nan,nan,nan,nan
4979,700000000,base_link,1,2,3,4,5,6,-0.07679999999991195,-1.6099999999988854,1.5700000001260255,0.9620000001724575,2.357752419343934e-12,-1.4300195515504554e-10,nan,nan,nan,nan,nan,nan,nan,nan,nan,nan,nan,nan
4979,799000000,base_link,1,2,3,4,5,6,-0.07679999999991195,-1.6099999999988854,1.5700000001260255,0.9620000001724575,2.3577524183681537e-12,-1.4300195511341207e-10,nan,nan,nan,nan,nan,nan,nan,nan,nan,nan,nan,nan
4979,900000000,base_link,1,2,3,4,5,6,-0.07679999999991195,-1.6099999999988854,1.5700000001260255,0.9620000001724575,2.3577524153323887e-12,-1.430019551550453e-10,nan,nan,nan,nan,nan,nan,nan,nan,nan,nan,nan,nan
4980,0,base_link,1,2,3,4,5,6,-0.07679999999991195,-1.6099999999988854,1.5700000001260255,0.9620000001724575,2.357752409586119e-12,-1.4300195512035074e-10,nan,nan,nan,nan,nan,nan,nan,nan,nan,nan,nan,nan
4980,99000000,base_link,1,2,3,4,5,6,-0.07679999999991195,-1.6099999999988854,1.5700000001260255,0.9620000001724575,2.3577524086103386e-12,-1.4300195507871727e-10,nan,nan,nan,nan,nan,nan,nan,nan,nan,nan,nan,nan
4980,200000000,base_link,1,2,3,4,5,6,-0.07679999999991195,-1.6099999999988854,1.5700000001260255,0.9620000001724575,2.3577524055745736e-12,-1.430019551203505e-10,nan,nan,nan,nan,nan,nan,nan,nan,nan,nan,nan,nan
4980,300000000,base_link,1,2,3,4,5,6,-0.07679999999991195,-1.6099999999988854,1.5700000001260255,0.9620000001724575,2.3577523998283038e-12,-1.4300195508565594e-10,nan,nan,nan,nan,nan,nan,nan,nan,nan,nan,nan,nan
4980,400000000,base_link,1,2,3,4,5,6,-0.07679999999991195,-1.6099999999988854,1.5700000001260255,0.9620000001724575,2.357752404381953e-12,-1.430019549954502e-10,nan,nan,nan,nan,nan,nan,nan,nan,nan,nan,nan,nan
4980,499000000,base_link,1,2,3,4,5,6,-0.07679999999991195,-1.6099999999988854,1.5700000001260255,0.9620000001724575,2.357752416308175e-12,-1.4300195499545004e-10,nan,nan,nan,nan,nan,nan,nan,nan,nan,nan,nan,nan
4980,600000000,base_link,1,2,3,4,5,6,-0.07679999999991195,-1.6099999999988854,1.5700000001260255,0.9620000001724575,2.3577524284512377e-12,-1.4300195506830829e-10,nan,nan,nan,nan,nan,nan,nan,nan,nan,nan,nan,nan
4980,700000000,base_link,1,2,3,4,5,6,-0.07679999999991195,-1.6099999999988854,1.5700000001260255,0.9620000001724575,2.3577524369080132e-12,-1.430019550821859e-10,nan,nan,nan,nan,nan,nan,nan,nan,nan,nan,nan,nan
4980,799000000,base_link,1,2,3,4,5,6,-0.07679999999991195,-1.6099999999988854,1.5700000001260255,0.9620000001724575,2.3577524488342355e-12,-1.4300195508218574e-10,nan,nan,nan,nan,nan,nan,nan,nan,nan,nan,nan,nan
4980,899000000,base_link,1,2,3,4,5,6,-0.07679999999991195,-1.6099999999988854,1.5700000001260255,0.9620000001724575,2.357752460977298e-12,-1.43001955155044e-10,nan,nan,nan,nan,nan,nan,nan,nan,nan,nan,nan,nan
4981,0,base_link,1,2,3,4,5,6,-0.07679999999991195,-1.6099999999988854,1.5700000001260255,0.9620000001724575,2.3577524694340737e-12,-1.430019551689216e-10,nan,nan,nan,nan,nan,nan,nan,nan,nan,nan,nan,nan
4981,100000000,base_link,1,2,3,4,5,6,-0.07679999999991195,-1.6099999999988854,1.5700000001260255,0.9620000001724575,2.357752481360296e-12,-1.4300195516892144e-10,nan,nan,nan,nan,nan,nan,nan,nan,nan,nan,nan,nan
4981,200000000,base_link,1,2,3,4,5,6,-0.07679999999991195,-1.6099999999988854,1.5700000001260255,0.9620000001724575,2.3577525091158724e-12,-1.430019552417797e-10,nan,nan,nan,nan,nan,nan,nan,nan,nan,nan,nan,nan
4981,299000000,base_link,1,2,3,4,5,6,-0.07679999999991195,-1.6099999999988854,1.5700000001260255,0.9620000001724575,2.3577525022853986e-12,-1.430019551758601e-10,nan,nan,nan,nan,nan,nan,nan,nan,nan,nan,nan,nan
4981,399000000,base_link,1,2,3,4,5,6,-0.07679999999991195,-1.6099999999988854,1.5700000001260255,0.9620000001724575,2.3577524813602987e-12,-1.4300195502320438e-10,nan,nan,nan,nan,nan,nan,nan,nan,nan,nan,nan,nan
4981,500000000,base_link,1,2,3,4,5,6,-0.07679999999991195,-1.6099999999988854,1.5700000001260255,0.9620000001724575,2.3577525071643114e-12,-1.4300195507177647e-10,nan,nan,nan,nan,nan,nan,nan,nan,nan,nan,nan,nan
4981,600000000,base_link,1,2,3,4,5,6,-0.07679999999991195,-1.6099999999988854,1.5700000001260255,0.9620000001724575,2.3577525052127468e-12,-1.4300195499891797e-10,nan,nan,nan,nan,nan,nan,nan,nan,nan,nan,nan,nan
4981,699000000,base_link,1,2,3,4,5,6,-0.07679999999991195,-1.6099999999988854,1.5700000001260255,0.9620000001724575,2.3577525138863627e-12,-1.4300195500932615e-10,nan,nan,nan,nan,nan,nan,nan,nan,nan,nan,nan,nan
4981,800000000,base_link,1,2,3,4,5,6,-0.07679999999991195,-1.6099999999988854,1.5700000001260255,0.9620000001724575,2.3577525169221253e-12,-1.4300195506483715e-10,nan,nan,nan,nan,nan,nan,nan,nan,nan,nan,nan,nan
4981,900000000,base_link,1,2,3,4,5,6,-0.07679999999991195,-1.6099999999988854,1.5700000001260255,0.9620000001724575,2.3577525149705582e-12,-1.4300195508565367e-10,nan,nan,nan,nan,nan,nan,nan,nan,nan,nan,nan,nan
4982,0,base_link,1,2,3,4,5,6,-0.07679999999991195,-1.6099999999988854,1.5700000001260255,0.9620000001724575,2.3577525138863526e-12,-1.4300195509606185e-10,nan,nan,nan,nan,nan,nan,nan,nan,nan,nan,nan,nan
4982,100000000,base_link,1,2,3,4,5,6,-0.07679999999991195,-1.6099999999988854,1.5700000001260255,0.9620000001724575,2.357752516922115e-12,-1.4300195515157285e-10,nan,nan,nan,nan,nan,nan,nan,nan,nan,nan,nan,nan
4982,200000000,base_link,1,2,3,4,5,6,-0.07679999999991195,-1.6099999999988854,1.5700000001260255,0.9620000001724575,2.357752514970548e-12,-1.4300195517238937e-10,nan,nan,nan,nan,nan,nan,nan,nan,nan,nan,nan,nan
4982,299000000,base_link,1,2,3,4,5,6,-0.07679999999991195,-1.6099999999988854,1.5700000001260255,0.9620000001724575,2.3577525138863426e-12,-1.4300195518279755e-10,nan,nan,nan,nan,nan,nan,nan,nan,nan,nan,nan,nan
4982,400000000,base_link,1,2,3,4,5,6,-0.07679999999991195,-1.6099999999988854,1.5700000001260255,0.9620000001724575,2.357752516922105e-12,-1.4300195523830856e-10,nan,nan,nan,nan,nan,nan,nan,nan,nan,nan,nan,nan
4982,499000000,base_link,1,2,3,4,5,6,-0.07679999999991195,-1.6099999999988854,1.5700000001260255,0.9620000001724575,2.357752514970538e-12,-1.4300195525912508e-10,nan,nan,nan,nan,nan,nan,nan,nan,nan,nan,nan,nan
4982,600000000,base_link,1,2,3,4,5,6,-0.07679999999991195,-1.6099999999988854,1.5700000001260255,0.9620000001724575,2.3577525138863325e-12,-1.4300195526953326e-10,nan,nan,nan,nan,nan,nan,nan,nan,nan,nan,nan,nan
4982,700000000,base_link,1,2,3,4,5,6,-0.07679999999991195,-1.6099999999988854,1.5700000001260255,0.9620000001724575,2.357752516922095e-12,-1.4300195532504426e-10,nan,nan,nan,nan,nan,nan,nan,nan,nan,nan,nan,nan
4982,800000000,base_link,1,2,3,4,5,6,-0.07679999999991195,-1.6099999999988854,1.5700000001260255,0.9620000001724575,2.357752514970528e-12,-1.4300195534586078e-10,nan,nan,nan,nan,nan,nan,nan,nan,nan,nan,nan,nan
4982,900000000,base_link,1,2,3,4,5,6,-0.07679999999991195,-1.6099999999988854,1.5700000001260255,0.9620000001724575,2.3577525138863224e-12,-1.4300195535626896e-10,nan,nan,nan,nan,nan,nan,nan,nan,nan,nan,nan,nan
4983,0,base_link,1,2,3,4,5,6,-0.07679999999991195,-1.6099999999988854,1.5700000001260255,0.9620000001724575,2.357752516922085e-12,-1.4300195541177996e-10,nan,nan,nan,nan,nan,nan,nan,nan,nan,nan,nan,nan
4983,100000000,base_link,1,2,3,4,5,6,-0.07679999999991195,-1.6099999999988854,1.5700000001260255,0.9620000001724575,2.357752514970518e-12,-1.4300195543259648e-10,nan,nan,nan,nan,nan,nan,nan,nan,nan,nan,nan,nan
4983,200000000,base_link,1,2,3,4,5,6,-0.07679999999991195,-1.6099999999988854,1.5700000001260255,0.9620000001724575,2.3577525138863123e-12,-1.4300195544300466e-10,nan,nan,nan,nan,nan,nan,nan,nan,nan,nan,nan,nan
4983,300000000,base_link,1,2,3,4,5,6,-0.07679999999991195,-1.6099999999988854,1.5700000001260255,0.9620000001724575,2.357752516922075e-12,-1.4300195549851567e-10,nan,nan,nan,nan,nan,nan,nan,nan,nan,nan,nan,nan
4983,400000000,base_link,1,2,3,4,5,6,-0.07679999999991195,-1.6099999999988854,1.5700000001260255,0.9620000001724575,2.3577525149705077e-12,-1.4300195551933219e-10,nan,nan,nan,nan,nan,nan,nan,nan,nan,nan,nan,nan
4983,499000000,base_link,1,2,3,4,5,6,-0.07679999999991195,-1.6099999999988854,1.5700000001260255,0.9620000001724575,2.357752513886302e-12,-1.4300195552974037e-10,nan,nan,nan,nan,nan,nan,nan,nan,nan,nan,nan,nan
4983,600000000,base_link,1,2,3,4,5,6,-0.07679999999991195,-1.6099999999988854,1.5700000001260255,0.9620000001724575,2.3577525169220647e-12,-1.4300195558525137e-10,nan,nan,nan,nan,nan,nan,nan,nan,nan,nan,nan,nan
4983,666000000,base_link,1,2,3,4,5,6,-0.07641599999991795,-1.6019499999988247,1.562150000126233,0.9571900001728213,2.3683043503091507e-12,-1.4337639762165633e-10,nan,nan,nan,nan,nan,nan,nan,nan,nan,nan,nan,nan
4983,666000000,base_link,1,2,3,4,5,6,-0.07581695999992193,-1.5893919999986894,1.5499040001264888,0.9496864001731514,2.375291399486231e-12,-1.4370029605750632e-10,nan,nan,nan,nan,nan,nan,nan,nan,nan,nan,nan,nan
4983,666000000,base_link,1,2,3,4,5,6,-0.07527782399992157,-1.5780897999984818,1.538882600126767,0.9429331601733907,2.376534108655307e-12,-1.4390364447547158e-10,nan,nan,nan,nan,nan,nan,nan,nan,nan,nan,nan,nan
4984,0,base_link,1,2,3,4,5,6,-0.07479260159992097,-1.5679178199981951,1.528963340127162,0.9368552441737652,2.37961561462584e-12,-1.4422227208934831e-10,nan,nan,nan,nan,nan,nan,nan,nan,nan,nan,nan,nan
4984,100000000,base_link,1,2,3,4,5,6,-0.07307718143993973,-1.5319565379976123,1.4938955061283548,0.9153678197755474,2.420109612537624e-12,-1.4592709740151926e-10,nan,nan,nan,nan,nan,nan,nan,nan,nan,nan,nan,nan
4984,200000000,base_link,1,2,3,4,5,6,-0.07114546329594477,-1.4914608841968056,1.4544059555295914,0.8911710378169803,2.436700860227574e-12,-1.4704501467416091e-10,nan,nan,nan,nan,nan,nan,nan,nan,nan,nan,nan,nan
4984,300000000,base_link,1,2,3,4,5,6,-0.06902291696634894,-1.4469647957756755,1.4110153599913702,0.8645839340551038,2.458013387816675e-12,-1.4853806084696768e-10,nan,nan,nan,nan,nan,nan,nan,nan,nan,nan,nan,nan
4984,400000000,base_link,1,2,3,4,5,6,-0.06672862526971372,-1.3988683161962212,1.364113824007756,0.8358455406704594,2.4841411005487493e-12,-1.5040720853775936e-10,nan,nan,nan,nan,nan,nan,nan,nan,nan,nan,nan,nan
4984,499000000,base_link,1,2,3,4,5,6,-0.0642797627427417,-1.3475314845742534,1.3140524416234094,0.8051709866255511,2.514936136124139e-12,-1.5264165383321652e-10,nan,nan,nan,nan,nan,nan,nan,nan,nan,nan,nan,nan
4984,600000000,base_link,1,2,3,4,5,6,-0.06169562646846731,-1.2933588361140138,1.2612256974785232,0.7728019879866398,2.550039121096042e-12,-1.5522005424306371e-10,nan,nan,nan,nan,nan,nan,nan,nan,nan,nan,nan,nan
4984,699000000,base_link,1,2,3,4,5,6,-0.058982063821621245,-1.2364729524993285,1.2057531277492777,0.7388117892133803,2.589476109710028e-12,-1.581326067755495e-10,nan,nan,nan,nan,nan,nan,nan,nan,nan,nan,nan,nan
4984,800000000,base_link,1,2,3,4,5,6,-0.056159697439459734,-1.1773061572456514,1.1480563149942138,0.7034587103194274,2.6323872052853265e-12,-1.6133591455430364e-10,nan,nan,nan,nan,nan,nan,nan,nan,nan,nan,nan,nan
4984,900000000,base_link,1,2,3,4,5,6,-0.05323172769551517,-1.1159255415168974,1.088200683516025,0.6667828393170899,2.678826945251194e-12,-1.6481770082332553e-10,nan,nan,nan,nan,nan,nan,nan,nan,nan,nan,nan,nan
4985,0,base_link,1,2,3,4,5,6,-0.05021255492596507,-1.052632987360592,1.0264806151871075,0.6289645554173916,2.7279668834634826e-12,-1.6853277425277e-10,nan,nan,nan,nan,nan,nan,nan,nan,nan,nan,nan,nan
4985,100000000,base_link,1,2,3,4,5,6,-0.04711129943337058,-0.987619688619512,0.9630825536926104,0.5901180999102396,2.7794556036519764e-12,-1.724519751749012e-10,nan,nan,nan,nan,nan,nan,nan,nan,nan,nan,nan,nan
4985,200000000,base_link,1,2,3,4,5,6,-0.04393616949003593,-0.9210577197521553,0.8981742983491446,0.5503462899565079,2.832796639341975e-12,-1.7654007035672125e-10,nan,nan,nan,nan,nan,nan,nan,nan,nan,nan,nan,nan
4985,300000000,base_link,1,2,3,4,5,6,-0.040694552541035565,-0.8531019477711685,0.8319068685416386,0.509741661000943,2.8874873404743156e-12,-1.8076109362374718e-10,nan,nan,nan,nan,nan,nan,nan,nan,nan,nan,nan,nan
4985,400000000,base_link,1,2,3,4,5,6,-0.03739309728693529,-0.7838917529879277,0.7644161817165049,0.46838749494376836,2.9430259323746673e-12,-1.8507877963802397e-10,nan,nan,nan,nan,nan,nan,nan,nan,nan,nan,nan,nan
4985,499000000,base_link,1,2,3,4,5,6,-0.034037787558245367,-0.7135525776826663,0.6958245635754914,0.42635874549513786,2.9989166136179435e-12,-1.8945696157654309e-10,nan,nan,nan,nan,nan,nan,nan,nan,nan,nan,nan,nan
4985,600000000,base_link,1,2,3,4,5,6,-0.03065600152969706,-0.6426583653621313,0.6266916981592212,0.3839983528122821,3.0540712367554773e-12,-1.9383986556420293e-10,nan,nan,nan,nan,nan,nan,nan,nan,nan,nan,nan,nan
4985,700000000,base_link,1,2,3,4,5,6,-0.0275904013767261,-0.578392528818734,0.5640225283767533,0.345598517581617,3.0996744574993976e-12,-1.9792559405584582e-10,nan,nan,nan,nan,nan,nan,nan,nan,nan,nan,nan,nan
4985,800000000,base_link,1,2,3,4,5,6,-0.02483136123905187,-0.5205532759293598,0.5076202755737944,0.31103866587623746,3.1451505748916063e-12,-2.0199200532605514e-10,nan,nan,nan,nan,nan,nan,nan,nan,nan,nan,nan,nan
4985,900000000,base_link,1,2,3,4,5,6,-0.022348225115144966,-0.4684979483286284,0.4568582480522109,0.27993479934329035,3.190285275163e-12,-2.0599419181799097e-10,nan,nan,nan,nan,nan,nan,nan,nan,nan,nan,nan,nan
4986,0,base_link,1,2,3,4,5,6,-0.020113402603628754,-0.4216481534876916,0.4111724232836998,0.25194131946521703,3.234391790207005e-12,-2.098813559814596e-10,nan,nan,nan,nan,nan,nan,nan,nan,nan,nan,nan,nan
4986,100000000,base_link,1,2,3,4,5,6,-0.018102062343264103,-0.3794833381305827,0.37005518099281304,0.22674718757625728,3.276972485266869e-12,-2.136170424291408e-10,nan,nan,nan,nan,nan,nan,nan,nan,nan,nan,nan,nan
4986,200000000,base_link,1,2,3,4,5,6,-0.016291856108936215,-0.341535004308931,0.33304966293167054,0.20407246887726785,3.3176812321058445e-12,-2.171763637286418e-10,nan,nan,nan,nan,nan,nan,nan,nan,nan,nan,nan,nan
4986,300000000,base_link,1,2,3,4,5,6,-0.014662670498041097,-0.30738150386920243,0.29974469667719916,0.18366522204905636,3.356291777069987e-12,-2.2054363940221335e-10,nan,nan,nan,nan,nan,nan,nan,nan,nan,nan,nan,nan
4986,400000000,base_link,1,2,3,4,5,6,-0.013196403448235566,-0.2766433534732159,0.26977022704865045,0.16529869990438165,3.3926725984668904e-12,-2.2371043807620022e-10,nan,nan,nan,nan,nan,nan,nan,nan,nan,nan,nan,nan
4986,500000000,base_link,1,2,3,4,5,6,-0.011876763103410683,-0.24897901811660844,0.24279320438336466,0.14876882997475505,3.42676453860072e-12,-2.2667390307043238e-10,nan,nan,nan,nan,nan,nan,nan,nan,nan,nan,nan,nan
4986,600000000,base_link,1,2,3,4,5,6,-0.01068908679306835,-0.2240811162954537,0.21851388398495922,0.1338919470385603,3.458564268117001e-12,-2.2943542171613208e-10,nan,nan,nan,nan,nan,nan,nan,nan,nan,nan,nan,nan
4986,700000000,base_link,1,2,3,4,5,6,-0.009620178113760428,-0.20167300465621804,0.19666249562669924,0.12050275239636297,3.4881093257880056e-12,-2.3199949554092215e-10,nan,nan,nan,nan,nan,nan,nan,nan,nan,nan,nan,nan
4986,800000000,base_link,1,2,3,4,5,6,-0.008658160302383356,-0.1815057041807213,0.17699624610453077,0.10845247721868875,3.5154672325401917e-12,-2.3437289398050895e-10,nan,nan,nan,nan,nan,nan,nan,nan,nan,nan,nan,nan
4986,899000000,base_link,1,2,3,4,5,6,-0.007792344272144018,-0.1633551337526009,0.1592966215348116,0.09760722955902469,3.5407265942370667e-12,-2.365639510766826e-10,nan,nan,nan,nan,nan,nan,nan,nan,nan,nan,nan,nan
4986,999000000,base_link,1,2,3,4,5,6,-0.00701310984492877,-0.14701962036713082,0.1433669594222689,0.08784650666552056,3.563990884735172e-12,-2.3858201177786904e-10,nan,nan,nan,nan,nan,nan,nan,nan,nan,nan,nan,nan
4987,100000000,base_link,1,2,3,4,5,6,-0.006311798860435111,-0.13231765832005707,0.1290302635211608,0.07906185606152069,3.5853707846642105e-12,-2.4043700409040257e-10,nan,nan,nan,nan,nan,nan,nan,nan,nan,nan,nan,nan
4987,200000000,base_link,1,2,3,4,5,6,-0.00568061897439093,-0.11908589247755083,0.11612723721032334,0.07115567051804254,3.6049818614952738e-12,-2.421391229945591e-10,nan,nan,nan,nan,nan,nan,nan,nan,nan,nan,nan,nan
4987,300000000,base_link,1,2,3,4,5,6,-0.0051125570769511965,-0.10717730321916576,0.10451451353071171,0.06404010352900823,3.62294057521638e-12,-2.4369857345568405e-10,nan,nan,nan,nan,nan,nan,nan,nan,nan,nan,nan,nan
4987,400000000,base_link,1,2,3,4,5,6,-0.004601301369255507,-0.0964595728864997,0.09406306221918787,0.05763609323895263,3.639362147519441e-12,-2.451253937356655e-10,nan,nan,nan,nan,nan,nan,nan,nan,nan,nan,nan,nan
4987,499000000,base_link,1,2,3,4,5,6,-0.004141171232329422,-0.08681361558699016,0.08465675603892947,0.05187248397796133,3.654359273761319e-12,-2.4642930645304744e-10,nan,nan,nan,nan,nan,nan,nan,nan,nan,nan,nan,nan
4987,600000000,base_link,1,2,3,4,5,6,-0.0037480711124049967,-0.07848599194946713,0.07664455506349697,0.04696721216984829,1.599969688974038e-05,-2.47603489231832e-10,nan,nan,nan,nan,nan,nan,nan,nan,nan,nan,nan,nan
4987,699000000,base_link,1,2,3,4,5,6,-0.0037568954818537857,-0.07851373023992021,0.0768680947640852,0.04711163410852052,4.496798567925716e-05,-2.4855448319943435e-10,nan,nan,nan,nan,nan,nan,nan,nan,nan,nan,nan,nan
4987,800000000,base_link,1,2,3,4,5,6,-0.0041486548009596,-0.08659359541171466,0.08491315239540728,0.05204744535817863,6.943143622150131e-05,-2.494173233702743e-10,nan,nan,nan,nan,nan,nan,nan,nan,nan,nan,nan,nan
4987,900000000,base_link,1,2,3,4,5,6,-0.00488889374862293,-0.10200092378391279,0.10007601488329615,0.061343565302705766,8.982445224735728e-05,-2.501781997911708e-10,nan,nan,nan,nan,nan,nan,nan,nan,nan,nan,nan,nan
4988,0,base_link,1,2,3,4,5,6,-0.005938926188122113,-0.12392242002944254,0.1215664630230055,0.0745159047575042,0.00010657015730208517,-2.5083151193860696e-10,nan,nan,nan,nan,nan,nan,nan,nan,nan,nan,nan,nan
4988,100000000,base_link,1,2,3,4,5,6,-0.0072677727702735425,-0.1517066673610239,0.14875173824927812,0.09117684177145995,0.00012003328248248191,-2.5136757117033304e-10,nan,nan,nan,nan,nan,nan,nan,nan,nan,nan,nan,nan
4988,200000000,base_link,1,2,3,4,5,6,-0.008847552080811897,-0.18476739067009026,0.1810623578533859,0.11097751658854692,0.0001305420857757235,-2.517777974017899e-10,nan,nan,nan,nan,nan,nan,nan,nan,nan,nan,nan,nan
4988,300000000,base_link,1,2,3,4,5,6,-0.01064933267303252,-0.22249639335181515,0.21790734867846615,0.13355589711326965,0.00013840807946401048,-2.5205454349658027e-10,nan,nan,nan,nan,nan,nan,nan,nan,nan,nan,nan,nan
4988,400000000,base_link,1,2,3,4,5,6,-0.012658590766499115,-0.26458794548315123,0.258990151040359,0.1587303294047888,0.00014386338431988631,-2.521806635727688e-10,nan,nan,nan,nan,nan,nan,nan,nan,nan,nan,nan,nan
4988,500000000,base_link,1,2,3,4,5,6,-0.014850740437221194,-0.31052524311204077,0.303808545066295,0.18619314997119618,0.00014716514932018145,-2.5215020206445314e-10,nan,nan,nan,nan,nan,nan,nan,nan,nan,nan,nan,nan
4988,600000000,base_link,1,2,3,4,5,6,-0.01720749252747308,-0.3599237116887255,0.35198897158977877,0.21571551998479052,0.0001485287284499688,-2.519473202107751e-10,nan,nan,nan,nan,nan,nan,nan,nan,nan,nan,nan,nan
4988,700000000,base_link,1,2,3,4,5,6,-0.01971238679530196,-0.4124372341184192,0.4031952273609567,0.24709148450062937,0.0001481479402958684,-2.515575560557961e-10,nan,nan,nan,nan,nan,nan,nan,nan,nan,nan,nan,nan
4988,800000000,base_link,1,2,3,4,5,6,-0.02235060902294976,-0.4677543050158128,0.4571247294549534,0.28013568406825395,0.00014619722158580508,-2.5096577746438824e-10,nan,nan,nan,nan,nan,nan,nan,nan,nan,nan,nan,nan
4988,900000000,base_link,1,2,3,4,5,6,-0.025108826414434963,-0.5255945695341276,0.5135051532393751,0.3146812951822501,0.00014283356537487916,-2.5015643203690565e-10,nan,nan,nan,nan,nan,nan,nan,nan,nan,nan,nan,nan
4989,0,base_link,1,2,3,4,5,6,-0.027975039453373554,-0.5857057083112654,0.5720914065450651,0.35057817668774793,0.00013819826541265395,-2.4911386714138e-10,nan,nan,nan,nan,nan,nan,nan,nan,nan,nan,nan,nan
4989,100000000,base_link,1,2,3,4,5,6,-0.030938448575020264,-0.6478606339213401,0.6326629064197821,0.38769120154537645,0.00013241848607371132,-2.478225728650126e-10,nan,nan,nan,nan,nan,nan,nan,nan,nan,nan,nan,nan
4989,200000000,base_link,1,2,3,4,5,6,-0.03398933417110408,-0.7118549676810584,0.6950211282065136,0.42589875541971994,0.0001256086752951531,-2.462674360054469e-10,nan,nan,nan,nan,nan,nan,nan,nan,nan,nan,nan,nan
4989,300000000,base_link,1,2,3,4,5,6,-0.037118948594181765,-0.7775047687754628,0.7589873997139576,0.4650913854089294,0.00011787183622035164,-2.444339272474322e-10,nan,nan,nan,nan,nan,nan,nan,nan,nan,nan,nan,nan
4989,400000000,base_link,1,2,3,4,5,6,-0.04031941896155339,-0.8446444904710972,0.8244009159699542,0.5051705839013723,0.00010930067167832594,-2.4230831722610164e-10,nan,nan,nan,nan,nan,nan,nan,nan,nan,nan,nan,nan
4989,500000000,base_link,1,2,3,4,5,6,-0.043583659678789695,-0.9131251407078577,0.8911169524995752,0.5460476940466154,9.997861421517972e-05,-2.3987784143325434e-10,nan,nan,nan,nan,nan,nan,nan,nan,nan,nan,nan,nan
4989,600000000,base_link,1,2,3,4,5,6,-0.04688261359260602,-0.9823366552260542,0.9585417557540216,0.5873589437268023,9.007577185848129e-05,-2.371560455612362e-10,nan,nan,nan,nan,nan,nan,nan,nan,nan,nan,nan,nan
4989,699000000,base_link,1,2,3,4,5,6,-0.04987435223334435,-1.0451029896984392,1.0196875802030767,0.6248230493893031,8.106819500418004e-05,-2.344904007313671e-10,nan,nan,nan,nan,nan,nan,nan,nan,nan,nan,nan,nan
4989,800000000,base_link,1,2,3,4,5,6,-0.052566917010007944,-1.101592690723946,1.0747188222058024,0.658540744483119,7.296137582802114e-05,-2.3154825638377204e-10,nan,nan,nan,nan,nan,nan,nan,nan,nan,nan,nan,nan
4989,900000000,base_link,1,2,3,4,5,6,-0.054990225309004305,-1.152433421647253,1.1242469400069768,0.6888866700653936,6.566523856191924e-05,-2.2836269862869097e-10,nan,nan,nan,nan,nan,nan,nan,nan,nan,nan,nan,nan
4990,0,base_link,1,2,3,4,5,6,-0.05717120277810042,-1.1981900794785678,1.1688222460269062,0.716198003087568,5.909871501534105e-05,-2.2499213750681723e-10,nan,nan,nan,nan,nan,nan,nan,nan,nan,nan,nan,nan
4990,98000000,base_link,1,2,3,4,5,6,-0.05913408250028659,-1.2393710715270756,1.2089400214438528,0.7407782028059127,5.318884381682354e-05,-2.2149047151492766e-10,nan,nan,nan,nan,nan,nan,nan,nan,nan,nan,nan,nan
4990,200000000,base_link,1,2,3,4,5,6,-0.06090067425025324,-1.2764339643710418,1.2450460193182393,0.7629003825510404,4.786995973205011e-05,-2.1790627008621975e-10,nan,nan,nan,nan,nan,nan,nan,nan,nan,nan,nan,nan
4990,299000000,base_link,1,2,3,4,5,6,-0.06249060682522274,-1.3097905679309025,1.277541417404432,0.7828103443204749,4.308296405012447e-05,-2.1428241691034849e-10,nan,nan,nan,nan,nan,nan,nan,nan,nan,nan,nan,nan
4990,400000000,base_link,1,2,3,4,5,6,-0.06392154614269549,-1.3398115111350488,1.3067872756813483,0.8007293099119585,3.877466793122183e-05,-2.1065612025156112e-10,nan,nan,nan,nan,nan,nan,nan,nan,nan,nan,nan,nan
4990,500000000,base_link,1,2,3,4,5,6,-0.06520939152841985,-1.3668303600190326,1.33310854813,0.8168563789434352,3.489720141947669e-05,-2.070591000559718e-10,nan,nan,nan,nan,nan,nan,nan,nan,nan,nan,nan,nan
4990,600000000,base_link,1,2,3,4,5,6,-0.06636845237557178,-1.3911473240148506,1.3567976933332877,0.8313707410710331,3.1407481554583596e-05,-2.035179402322663e-10,nan,nan,nan,nan,nan,nan,nan,nan,nan,nan,nan,nan
4990,700000000,base_link,1,2,3,4,5,6,-0.06741160713800878,-1.4130325916113005,1.378117924015812,0.8444336669852475,2.826673367224009e-05,-2.0005451526183722e-10,nan,nan,nan,nan,nan,nan,nan,nan,nan,nan,nan,nan
4990,799000000,base_link,1,2,3,4,5,6,-0.06835044642420111,-1.4327293324483001,1.397306131629704,0.8561903003075088,2.544006057454672e-05,-1.966864490192665e-10,nan,nan,nan,nan,nan,nan,nan,nan,nan,nan,nan,nan
4990,900000000,base_link,1,2,3,4,5,6,-0.06919540178177448,-1.450456399201777,1.4145755184818753,0.8667712702970886,2.289605478336582e-05,-1.9342757085888283e-10,nan,nan,nan,nan,nan,nan,nan,nan,nan,nan,nan,nan
4991,0,base_link,1,2,3,4,5,6,-0.06995586160359064,-1.4664107592800668,1.4301179666485397,0.8762941432873199,2.0606449568347873e-05,-1.9028838801465771e-10,nan,nan,nan,nan,nan,nan,nan,nan,nan,nan,nan,nan
4991,100000000,base_link,1,2,3,4,5,6,-0.0706402754432245,-1.480769683350673,1.444106169998283,0.8848647289781931,1.8545804872152765e-05,-1.8727652214683867e-10,nan,nan,nan,nan,nan,nan,nan,nan,nan,nan,nan,nan
4991,199000000,base_link,1,2,3,4,5,6,-0.07125624789889524,-1.493692715014349,1.456695553012829,0.8925782560996901,1.669122464315087e-05,-1.8439710132006524e-10,nan,nan,nan,nan,nan,nan,nan,nan,nan,nan,nan,nan
4991,299000000,base_link,1,2,3,4,5,6,-0.0718106231089978,-1.505323443511776,1.468025997725724,0.899520430508788,1.502210243485343e-05,-1.8165312698759e-10,nan,nan,nan,nan,nan,nan,nan,nan,nan,nan,nan,nan
4991,399000000,base_link,1,2,3,4,5,6,-0.07230956079809038,-1.5157910991595664,1.4782233979671562,0.9057683874767595,1.3519892445400353e-05,-1.790458197841173e-10,nan,nan,nan,nan,nan,nan,nan,nan,nan,nan,nan,nan
4991,500000000,base_link,1,2,3,4,5,6,-0.07275860471827342,-1.525211989242673,1.4874010581842927,0.9113915487477461,1.2167903453097848e-05,-1.7657490686540023e-10,nan,nan,nan,nan,nan,nan,nan,nan,nan,nan,nan,nan
4991,600000000,base_link,1,2,3,4,5,6,-0.07316274424643912,-1.5336907903175545,1.4956609523795816,0.9164523938914702,1.0951113358404571e-05,-1.7423888104123237e-10,nan,nan,nan,nan,nan,nan,nan,nan,nan,nan,nan,nan
4991,700000000,base_link,1,2,3,4,5,6,-0.07352646982178715,-1.5413217112850253,1.5030948571552216,0.9210071545206792,9.856002271716291e-06,-1.7203523449127366e-10,nan,nan,nan,nan,nan,nan,nan,nan,nan,nan,nan,nan
4991,800000000,base_link,1,2,3,4,5,6,-0.0738538228396012,-1.5481895401558174,1.5097853714531924,0.9251064390868421,8.870402292375292e-06,-1.6996067228869288e-10,nan,nan,nan,nan,nan,nan,nan,nan,nan,nan,nan,nan
4991,900000000,base_link,1,2,3,4,5,6,-0.07414844055563342,-1.554370586139592,1.515806834321272,0.9287957951962791,7.983362309775991e-06,-1.6801126604809517e-10,nan,nan,nan,nan,nan,nan,nan,nan,nan,nan,nan,nan
4992,0,base_link,1,2,3,4,5,6,-0.0744135965000627,-1.559933527525044,1.52122615090246,0.9321162156946758,7.185026324360744e-06,-1.661826125590453e-10,nan,nan,nan,nan,nan,nan,nan,nan,nan,nan,nan,nan
4992,100000000,base_link,1,2,3,4,5,6,-0.07465223685004822,-1.5649401747720013,1.5261035358254553,0.9351045941431481,6.466523936516904e-06,-1.6446996180172141e-10,nan,nan,nan,nan,nan,nan,nan,nan,nan,nan,nan,nan
4992,200000000,base_link,1,2,3,4,5,6,-0.0748670131650356,-1.5694461572943073,1.5304931822560848,0.9377941347466979,5.819871786582474e-06,-1.6286832958944897e-10,nan,nan,nan,nan,nan,nan,nan,nan,nan,nan,nan,nan
4992,300000000,base_link,1,2,3,4,5,6,-0.07506031184852466,-1.5735015415644231,1.5344438640435925,0.9402147212898266,5.237884850852958e-06,-1.6137258388854124e-10,nan,nan,nan,nan,nan,nan,nan,nan,nan,nan,nan,nan
4992,400000000,base_link,1,2,3,4,5,6,-0.07523428066366467,-1.5771513874075642,1.5379994776522972,0.9423932491785837,4.714096607985405e-06,-1.5997751163290793e-10,nan,nan,nan,nan,nan,nan,nan,nan,nan,nan,nan,nan
4992,500000000,base_link,1,2,3,4,5,6,-0.07539085259729013,-1.5804362486664214,1.5411995299000845,0.9443539242784128,4.242687188763999e-06,-1.58677903045495e-10,nan,nan,nan,nan,nan,nan,nan,nan,nan,nan,nan,nan
4992,600000000,base_link,1,2,3,4,5,6,-0.0755317673375529,-1.583392623799422,1.544079576923052,0.946118531868213,3.818418710887749e-06,-1.5746858469170524e-10,nan,nan,nan,nan,nan,nan,nan,nan,nan,nan,nan,nan
4992,700000000,base_link,1,2,3,4,5,6,-0.07565859060378913,-1.586053361419149,1.5466716192436851,0.9477066786989922,3.436577080279021e-06,-1.5634446738552143e-10,nan,nan,nan,nan,nan,nan,nan,nan,nan,nan,nan,nan
4992,800000000,base_link,1,2,3,4,5,6,-0.07577273154340174,-1.5884480252769264,1.5490044573322226,0.9491360108466564,3.0929196122624926e-06,-1.5530058813512052e-10,nan,nan,nan,nan,nan,nan,nan,nan,nan,nan,nan,nan
4992,900000000,base_link,1,2,3,4,5,6,-0.07587545838905405,-1.5906032227489455,1.5511040116118742,0.9504224097795212,2.7836278906257296e-06,-1.5433212433985042e-10,nan,nan,nan,nan,nan,nan,nan,nan,nan,nan,nan,nan
4993,0,base_link,1,2,3,4,5,6,-0.07596791255014085,-1.5925429004737828,1.5529936104635338,0.9515801688190705,2.5052653407724496e-06,-1.5343441878412574e-10,nan,nan,nan,nan,nan,nan,nan,nan,nan,nan,nan,nan
4993,99000000,base_link,1,2,3,4,5,6,-0.07605112129511855,-1.594288610426154,1.554694249430004,0.9526221519546394,2.254739045562029e-06,-1.526029953887169e-10,nan,nan,nan,nan,nan,nan,nan,nan,nan,nan,nan,nan
4993,199000000,base_link,1,2,3,4,5,6,-0.07612600916559849,-1.595859749383304,1.5562248244998045,0.9535599367766276,2.029265379564594e-06,-1.5183356652781409e-10,nan,nan,nan,nan,nan,nan,nan,nan,nan,nan,nan,nan
4993,300000000,base_link,1,2,3,4,5,6,-0.07619340824903098,-1.5972737744447474,1.557602342062605,0.9544039431163969,1.8263390798893047e-06,-1.5112204003384022e-10,nan,nan,nan,nan,nan,nan,nan,nan,nan,nan,nan,nan
4993,400000000,base_link,1,2,3,4,5,6,-0.07625406742411954,-1.5985463970000617,1.5588421078691121,0.95516354882217,1.6437054099315474e-06,-1.504645263861452e-10,nan,nan,nan,nan,nan,nan,nan,nan,nan,nan,nan,nan
4993,500000000,base_link,1,2,3,4,5,6,-0.07630866068169952,-1.599691757299859,1.5599578970949508,0.9558471939573494,1.4793351067443847e-06,-1.4985733166109e-10,nan,nan,nan,nan,nan,nan,nan,nan,nan,nan,nan,nan
4993,600000000,base_link,1,2,3,4,5,6,-0.07635779461352135,-1.600722581569689,1.560962107398194,0.9564624745789967,1.3314018336729597e-06,-1.4929696762813677e-10,nan,nan,nan,nan,nan,nan,nan,nan,nan,nan,nan,nan
4993,700000000,base_link,1,2,3,4,5,6,-0.0764020151521606,-1.6016503234125428,1.5618658966711003,0.9570162271384655,1.1982618877263455e-06,-1.4878013711572194e-10,nan,nan,nan,nan,nan,nan,nan,nan,nan,nan,nan,nan
4993,799000000,base_link,1,2,3,4,5,6,-0.07644181363693646,-1.6024852910711118,1.5626793070167007,0.9575146044419751,1.0784359362102082e-06,-1.4830373490984296e-10,nan,nan,nan,nan,nan,nan,nan,nan,nan,nan,nan,nan
4993,900000000,base_link,1,2,3,4,5,6,-0.07647763227323515,-1.603236761963835,1.5634113763277369,0.9579631440151232,9.70592579697832e-07,-1.4786483740469795e-10,nan,nan,nan,nan,nan,nan,nan,nan,nan,nan,nan,nan
4994,0,base_link,1,2,3,4,5,6,-0.07650986904590315,-1.603913085767285,1.564070238707659,0.9583668296309473,8.735335587036279e-07,-1.474607085458483e-10,nan,nan,nan,nan,nan,nan,nan,nan,nan,nan,nan,nan
4994,100000000,base_link,1,2,3,4,5,6,-0.07653888214130435,-1.6045217771903961,1.5646632148495825,0.9587301466851805,7.861804396890602e-07,-1.4708878369035148e-10,nan,nan,nan,nan,nan,nan,nan,nan,nan,nan,nan,nan
4994,200000000,base_link,1,2,3,4,5,6,-0.0765649939271657,-1.6050695994712012,1.565196893377309,0.9590571320339804,7.075626324681516e-07,-1.4674666355951534e-10,nan,nan,nan,nan,nan,nan,nan,nan,nan,nan,nan,nan
4994,300000000,base_link,1,2,3,4,5,6,-0.07658849453444119,-1.6055626395239413,1.565677204052254,0.959351418847895,6.368066058721456e-07,-1.4643210333789507e-10,nan,nan,nan,nan,nan,nan,nan,nan,nan,nan,nan,nan
4994,400000000,base_link,1,2,3,4,5,6,-0.07660964508098872,-1.606006375571403,1.5661094836596978,0.9596162769804117,5.731261818482993e-07,-1.461430129300328e-10,nan,nan,nan,nan,nan,nan,nan,nan,nan,nan,nan,nan
4994,500000000,base_link,1,2,3,4,5,6,-0.07662868057288122,-1.6064057380141186,1.5664985353063912,0.9598546492996737,5.158138001481553e-07,-1.4587744097324596e-10,nan,nan,nan,nan,nan,nan,nan,nan,nan,nan,nan,nan
4994,600000000,base_link,1,2,3,4,5,6,-0.07664581251558461,-1.606765164212567,1.5668486817884009,0.9600691843870036,4.6423265654715705e-07,-1.4563357509783594e-10,nan,nan,nan,nan,nan,nan,nan,nan,nan,nan,nan,nan
4994,700000000,base_link,1,2,3,4,5,6,-0.0766612312640182,-1.6070886477911794,1.5671638136222072,0.9602622659655972,4.178096272426505e-07,-1.4540973213977793e-10,nan,nan,nan,nan,nan,nan,nan,nan,nan,nan,nan,nan
4994,800000000,base_link,1,2,3,4,5,6,-0.07667510813760872,-1.6073797830119327,1.5674474322726395,0.9604360393863259,3.760289008112618e-07,-1.452043432151602e-10,nan,nan,nan,nan,nan,nan,nan,nan,nan,nan,nan,nan
4994,900000000,base_link,1,2,3,4,5,6,-0.07668759732383977,-1.6076418047106202,1.5677026890580155,0.9605924354649784,3.384262469714245e-07,-1.450159570682004e-10,nan,nan,nan,nan,nan,nan,nan,nan,nan,nan,nan,nan
4995,0,base_link,1,2,3,4,5,6,-0.07669883759144813,-1.6078776242394357,1.5679324201648528,0.9607331919357583,3.0458385846887875e-07,-1.448432276159313e-10,nan,nan,nan,nan,nan,nan,nan,nan,nan,nan,nan,nan
4995,99000000,base_link,1,2,3,4,5,6,-0.07670895383229455,-1.6080898618153718,1.5681391781609995,0.960859872759457,2.7412570877471807e-07,-1.4468490449048806e-10,nan,nan,nan,nan,nan,nan,nan,nan,nan,nan,nan,nan
4995,200000000,base_link,1,2,3,4,5,6,-0.07671805844905646,-1.6082808756337121,1.5683252603575402,0.9609738855007836,2.4671337401229577e-07,-1.4453983541914915e-10,nan,nan,nan,nan,nan,nan,nan,nan,nan,nan,nan,nan
4995,300000000,base_link,1,2,3,4,5,6,-0.07672625260414288,-1.6084527880702206,1.5684927343344268,0.9610764969679741,2.2204227269226505e-07,-1.4440695253736772e-10,nan,nan,nan,nan,nan,nan,nan,nan,nan,nan,nan,nan
4995,400000000,base_link,1,2,3,4,5,6,-0.07673362734372025,-1.6086075092630783,1.5686434609136226,0.9611688472884434,1.9983828147373455e-07,-1.4428527060200677e-10,nan,nan,nan,nan,nan,nan,nan,nan,nan,nan,nan,nan
4995,500000000,base_link,1,2,3,4,5,6,-0.07674026460933932,-1.6087467583366613,1.5687791148348966,0.9612519625768625,1.7985468934966394e-07,-1.4417387553175538e-10,nan,nan,nan,nan,nan,nan,nan,nan,nan,nan,nan,nan
4995,600000000,base_link,1,2,3,4,5,6,-0.07674623814839718,-1.6088720825028837,1.5689012033640277,0.9613267663364385,1.6186945641317163e-07,-1.4407192860516048e-10,nan,nan,nan,nan,nan,nan,nan,nan,nan,nan,nan,nan
4995,700000000,base_link,1,2,3,4,5,6,-0.0767516143335498,-1.6089848742524904,1.5690110830402524,0.9613940897200625,1.4568274674813656e-07,-1.439786546020559e-10,nan,nan,nan,nan,nan,nan,nan,nan,nan,nan,nan,nan
4995,799000000,base_link,1,2,3,4,5,6,-0.07675645290018605,-1.6090863868271255,1.5691099747488524,0.9614546807653218,1.3111470802953317e-07,-1.4389333602346494e-10,nan,nan,nan,nan,nan,nan,nan,nan,nan,nan,nan,nan
4995,900000000,base_link,1,2,3,4,5,6,-0.07676080761015923,-1.6091777481443037,1.5691989772865924,0.9615092127060519,1.180034731645756e-07,-1.4381531686982724e-10,nan,nan,nan,nan,nan,nan,nan,nan,nan,nan,nan,nan
4996,0,base_link,1,2,3,4,5,6,-0.07676472684913564,-1.6092599733297641,1.569279079570554,0.9615582914527079,1.0620336177002992e-07,-1.437439912820301e-10,nan,nan,nan,nan,nan,nan,nan,nan,nan,nan,nan,nan
4996,99000000,base_link,1,2,3,4,5,6,-0.07676825416421318,-1.6093339759966696,1.5693511716261237,0.9616024623247015,9.558326150026331e-08,-1.4367879838234036e-10,nan,nan,nan,nan,nan,nan,nan,nan,nan,nan,nan,nan
4996,200000000,base_link,1,2,3,4,5,6,-0.0767714287477842,-1.6094005783968868,1.5694160544761278,0.9616422161094881,8.602517124428458e-08,-1.4361922439423661e-10,nan,nan,nan,nan,nan,nan,nan,nan,nan,nan,nan,nan
4996,299000000,base_link,1,2,3,4,5,6,-0.07677428587299702,-1.6094605205570998,1.5694744490411336,0.9616779945157927,7.742289000213044e-08,-1.4356480016522429e-10,nan,nan,nan,nan,nan,nan,nan,nan,nan,nan,nan,nan
4996,400000000,base_link,1,2,3,4,5,6,-0.07677685728568952,-1.6095144685012783,1.5695270041496432,0.9617101950814735,6.968083687359663e-08,-1.435150879586508e-10,nan,nan,nan,nan,nan,nan,nan,nan,nan,nan,nan,nan
4996,500000000,base_link,1,2,3,4,5,6,-0.07677917155711263,-1.6095630216510457,1.569574303747304,0.9617391755905792,6.271298904834642e-08,-1.4346968953404793e-10,nan,nan,nan,nan,nan,nan,nan,nan,nan,nan,nan,nan
4996,598000000,base_link,1,2,3,4,5,6,-0.07678125440139301,-1.6096067194858408,1.5696168733851856,0.9617652580487727,5.644192599692928e-08,-1.4342824061336332e-10,nan,nan,nan,nan,nan,nan,nan,nan,nan,nan,nan,nan
4996,700000000,base_link,1,2,3,4,5,6,-0.07678312896124481,-1.6096460475371452,1.5696551860592856,0.9617887322611468,5.0797969242916327e-08,-1.4339040706456945e-10,nan,nan,nan,nan,nan,nan,nan,nan,nan,nan,nan,nan
4996,799000000,base_link,1,2,3,4,5,6,-0.07678481606511253,-1.6096814427833237,1.569689667465971,0.9618098590522857,4.5718408157350535e-08,-1.4335588022137942e-10,nan,nan,nan,nan,nan,nan,nan,nan,nan,nan,nan,nan
4996,900000000,base_link,1,2,3,4,5,6,-0.07678633445859293,-1.6097132985048954,1.5697207007319947,0.9618288731643151,4.114680317400165e-08,-1.4332437658140483e-10,nan,nan,nan,nan,nan,nan,nan,nan,nan,nan,nan,nan
4996,999000000,base_link,1,2,3,4,5,6,-0.07678770101272528,-1.6097419686543055,1.5697486306714006,0.9618459858651383,3.7032358683243283e-08,-1.4329563577652987e-10,nan,nan,nan,nan,nan,nan,nan,nan,nan,nan,nan,nan
4997,100000000,base_link,1,2,3,4,5,6,-0.07678893091144426,-1.609767771788779,1.5697737676168813,0.9618613872958802,3.332935863644045e-08,-1.4326941898390412e-10,nan,nan,nan,nan,nan,nan,nan,nan,nan,nan,nan,nan
4997,200000000,base_link,1,2,3,4,5,6,-0.07679003782029217,-1.6097909946098008,1.5697963908677985,0.9618752485835425,2.9996658589895295e-08,-1.4324551109087765e-10,nan,nan,nan,nan,nan,nan,nan,nan,nan,nan,nan,nan
4997,300000000,base_link,1,2,3,4,5,6,-0.07679103403825446,-1.6098118951487226,1.5698167517936328,0.9618877237424374,2.6997228543829864e-08,-1.432237102797213e-10,nan,nan,nan,nan,nan,nan,nan,nan,nan,nan,nan,nan
4997,400000000,base_link,1,2,3,4,5,6,-0.07679193063442122,-1.6098307056337366,1.5698350766268836,0.9618989513854417,2.429774149872965e-08,-1.432038356534709e-10,nan,nan,nan,nan,nan,nan,nan,nan,nan,nan,nan,nan
4997,500000000,base_link,1,2,3,4,5,6,-0.07679273757097074,-1.609847635070256,1.5698515689768138,0.9619090562641532,2.1868203154715133e-08,-1.4318572083132857e-10,nan,nan,nan,nan,nan,nan,nan,nan,nan,nan,nan,nan
4997,600000000,base_link,1,2,3,4,5,6,-0.07679346381386573,-1.6098628715631234,1.569866412091751,0.9619181506549936,1.9681618642199004e-08,-1.4316921235965562e-10,nan,nan,nan,nan,nan,nan,nan,nan,nan,nan,nan,nan
4997,700000000,base_link,1,2,3,4,5,6,-0.0767941174324708,-1.6098765844067173,1.5698797708951922,0.9619263356067435,1.77136925780905e-08,-1.4315416967380875e-10,nan,nan,nan,nan,nan,nan,nan,nan,nan,nan,nan,nan
4997,798000000,base_link,1,2,3,4,5,6,-0.07679470568921551,-1.6098889259659364,1.5698917938182937,0.9619337020633215,1.594255911809483e-08,-1.4314046465752012e-10,nan,nan,nan,nan,nan,nan,nan,nan,nan,nan,nan,nan
4997,899000000,base_link,1,2,3,4,5,6,-0.07679523512028533,-1.6099000333692446,1.569902614449085,0.961940331874244,1.4348539001835201e-08,-1.4312797920040733e-10,nan,nan,nan,nan,nan,nan,nan,nan,nan,nan,nan,nan
4997,999000000,base_link,1,2,3,4,5,6,-0.0767957116082483,-1.6099100300322087,1.5699123530167929,0.9619462987040742,1.2913920895357062e-08,-1.4311660670718254e-10,nan,nan,nan,nan,nan,nan,nan,nan,nan,nan,nan,nan
4998,98000000,base_link,1,2,3,4,5,6,-0.07679614044741526,-1.6099190270288897,1.5699211177277277,0.9619516688509236,1.1622764597526431e-08,-1.4310625363808603e-10,nan,nan,nan,nan,nan,nan,nan,nan,nan,nan,nan,nan
4998,200000000,base_link,1,2,3,4,5,6,-0.07679652640266496,-1.6099271243259003,1.5699290059675668,0.9619565019830848,1.046072392812306e-08,-1.4309682385821225e-10,nan,nan,nan,nan,nan,nan,nan,nan,nan,nan,nan,nan
4998,300000000,base_link,1,2,3,4,5,6,-0.07679687376239067,-1.6099344118932055,1.569936105383422,0.9619608518020233,9.414887324113601e-09,-1.4308823848274635e-10,nan,nan,nan,nan,nan,nan,nan,nan,nan,nan,nan,nan
4998,400000000,base_link,1,2,3,4,5,6,-0.07679718638614394,-1.609940970703789,1.5699424948576828,0.9619647666390668,8.473634379136504e-09,-1.4308042065996835e-10,nan,nan,nan,nan,nan,nan,nan,nan,nan,nan,nan,nan
4998,499000000,base_link,1,2,3,4,5,6,-0.07679746774752119,-1.609946873633312,1.5699482453845375,0.9619682899924092,7.626506727620412e-09,-1.4307330681573244e-10,nan,nan,nan,nan,nan,nan,nan,nan,nan,nan,nan,nan
4998,598000000,base_link,1,2,3,4,5,6,-0.07679772097276058,-1.6099521862698871,1.5699534208586978,0.9619714610104241,6.864091840290332e-09,-1.430668337783485e-10,nan,nan,nan,nan,nan,nan,nan,nan,nan,nan,nan,nan
4998,699000000,base_link,1,2,3,4,5,6,-0.07679794887547672,-1.609956967642807,1.569958078785431,0.9619743149266275,6.1779184405488655e-09,-1.4306094456561995e-10,nan,nan,nan,nan,nan,nan,nan,nan,nan,nan,nan,nan
4998,800000000,base_link,1,2,3,4,5,6,-0.07679815398792042,-1.6099612708784192,1.5699622709194931,0.9619768834512206,5.56036237997849e-09,-1.430555836698649e-10,nan,nan,nan,nan,nan,nan,nan,nan,nan,nan,nan,nan
4998,900000000,base_link,1,2,3,4,5,6,-0.07679833858912002,-1.609965143790477,1.569966043840158,0.9619791951233521,5.00456192475852e-09,-1.4305070704298495e-10,nan,nan,nan,nan,nan,nan,nan,nan,nan,nan,nan,nan
4998,999000000,base_link,1,2,3,4,5,6,-0.07679850473020008,-1.6099686294113356,1.5699694394687584,0.9619812756282649,4.504341514427081e-09,-1.4304626860725495e-10,nan,nan,nan,nan,nan,nan,nan,nan,nan,nan,nan,nan
4999,100000000,base_link,1,2,3,4,5,6,-0.07679865425717144,-1.6099717664701039,1.5699724955344923,0.9619831480826897,4.054143144550966e-09,-1.4304223063937826e-10,nan,nan,nan,nan,nan,nan,nan,nan,nan,nan,nan,nan
4999,199000000,base_link,1,2,3,4,5,6,-0.0767987888314454,-1.6099745898229887,1.5699752459936638,0.9619848332916732,3.648964611137563e-09,-1.4303856282679692e-10,nan,nan,nan,nan,nan,nan,nan,nan,nan,nan,nan,nan
4999,300000000,base_link,1,2,3,4,5,6,-0.07679890994829251,-1.609977130840585,1.569977721406916,0.9619863499797594,3.284303930497171e-09,-1.4303522739417242e-10,nan,nan,nan,nan,nan,nan,nan,nan,nan,nan,nan,nan
4999,399000000,base_link,1,2,3,4,5,6,-0.07679901895345437,-1.6099794177564195,1.5699799492788253,0.9619877149990348,2.956109317243638e-09,-1.4303219340791591e-10,nan,nan,nan,nan,nan,nan,nan,nan,nan,nan,nan,nan
4999,500000000,base_link,1,2,3,4,5,6,-0.076799117058101,-1.6099814759806772,1.5699819543635458,0.9619889435163782,2.6607341650996033e-09,-1.4302943457308858e-10,nan,nan,nan,nan,nan,nan,nan,nan,nan,nan,nan,nan
4999,599000000,base_link,1,2,3,4,5,6,-0.07679920535228268,-1.6099833283825091,1.569983758939812,0.9619900491819928,2.3948965277344823e-09,-1.4302692914319714e-10,nan,nan,nan,nan,nan,nan,nan,nan,nan,nan,nan,nan
4999,699000000,base_link,1,2,3,4,5,6,-0.07679928481704662,-1.6099849955441623,1.5699853830584516,0.9619910442810404,2.155642653871933e-09,-1.4302465186066785e-10,nan,nan,nan,nan,nan,nan,nan,nan,nan,nan,nan,nan
